"Time (s)","Linear Acceleration x (m/s^2)","Linear Acceleration y (m/s^2)","Linear Acceleration z (m/s^2)","Absolute acceleration (m/s^2)"
3.516678100E-2,2.173662186E-2,-8.240795135E-2,-1.476573944E-1,1.704882908E-1
4.318055100E-2,-8.462786674E-2,-1.388611794E-1,-8.905982971E-2,1.854075409E-1
5.117662700E-2,-1.011726856E-1,-1.521730423E-1,-4.970741272E-2,1.893762762E-1
5.917197400E-2,-1.500649452E-1,-1.164870262E-1,5.809116364E-2,1.986537147E-1
6.721097400E-2,-2.809646130E-1,-2.842235565E-2,1.950244904E-1,3.431960021E-1
7.520558900E-2,-2.805842161E-1,5.574464798E-2,2.538108826E-1,3.824329121E-1
8.327751200E-2,-2.655400038E-1,1.005067825E-1,2.438554764E-1,3.742707580E-1
9.127258900E-2,-2.649655342E-1,2.672448158E-1,2.443132401E-1,4.486819421E-1
9.926874300E-2,-2.310066223E-1,3.926024437E-1,2.746810913E-1,5.319308604E-1
1.072644350E-1,-2.564021349E-1,4.845452309E-1,2.358446121E-1,5.967820512E-1
1.152604350E-1,-2.059112787E-1,5.115776062E-1,2.453269958E-1,6.035697447E-1
1.232997810E-1,-1.986387968E-1,5.664920807E-1,4.075727463E-1,7.255936828E-1
1.312964350E-1,-2.652791739E-1,5.637478828E-1,4.811735153E-1,7.872183098E-1
1.392939730E-1,-3.024988174E-1,5.604739189E-1,4.533777237E-1,7.817850783E-1
1.473361660E-1,-2.302618027E-1,4.750118256E-1,3.764638901E-1,6.483685624E-1
1.553326270E-1,-2.648422718E-1,4.900665283E-1,4.258480072E-1,7.011798317E-1
1.633290500E-1,-3.593490124E-1,4.703850746E-1,4.622030258E-1,7.510162902E-1
1.713255120E-1,-3.757878542E-1,3.531961441E-1,5.781145096E-1,7.747131171E-1
1.793594350E-1,-2.267050743E-1,1.858673096E-1,5.547046661E-1,6.274066577E-1
1.874030880E-1,3.149509430E-4,-5.750226974E-2,2.673406601E-1,2.734550032E-1
1.954010120E-1,2.663583755E-1,-2.420582771E-1,-2.736663818E-2,3.609541891E-1
2.034395880E-1,4.707188606E-1,-3.058443069E-1,3.372478485E-2,5.623649589E-1
2.114385500E-1,1.866114140E-2,-2.480559349E-1,-1.046371460E-2,2.489768551E-1
2.194357040E-1,-6.518697739E-2,-3.851127625E-1,9.722900391E-2,4.025104483E-1
2.274333190E-1,2.280378342E-2,-4.055013657E-1,9.896945953E-2,4.180267025E-1
2.354320500E-1,2.456809282E-1,-4.322676659E-1,1.362705231E-1,5.155425384E-1
2.434697420E-1,4.196969271E-1,-4.153561592E-1,-3.777980804E-2,5.916870486E-1
2.514662810E-1,5.561259389E-1,-3.802285194E-1,-2.891597748E-1,7.331187914E-1
2.594628570E-1,7.087126374E-1,-3.253784180E-1,-5.350871086E-1,9.457605041E-1
2.675221650E-1,7.764432430E-1,-2.447900772E-1,-5.787611008E-1,9.988747185E-1
2.755519340E-1,7.982020378E-1,-1.806192398E-1,-4.941329956E-1,9.559901779E-1
2.835475110E-1,6.630853415E-1,-7.223892212E-2,-4.096574783E-1,7.827642566E-1
2.915423570E-1,5.028234720E-1,-3.730773926E-3,-2.565231323E-1,5.644904606E-1
2.995377420E-1,3.577677608E-1,-1.947212219E-2,-2.367877960E-1,4.294710637E-1
3.075707420E-1,2.265577316E-1,-2.293634415E-2,-2.171030045E-1,3.146238964E-1
3.155657800E-1,2.220109105E-1,-1.154422760E-3,3.635311127E-2,2.249704998E-1
3.235980880E-1,1.977233887E-1,2.695178986E-2,2.767896652E-1,3.412234696E-1
3.315955490E-1,2.070776820E-1,3.523874283E-2,5.101890564E-1,5.517388954E-1
3.395942800E-1,9.782075882E-2,9.167432785E-2,6.690225601E-1,6.823227017E-1
3.475927420E-1,-5.379533768E-2,1.823205948E-1,6.779899597E-1,7.041343076E-1
3.555891260E-1,-1.903553009E-1,3.050003052E-1,5.659246445E-1,6.704707525E-1
3.636207030E-1,-3.453509212E-1,5.491747856E-1,3.229455948E-1,7.246751418E-1
3.716171260E-1,-4.579344988E-1,8.202567101E-1,1.221704483E-1,9.473387430E-1
3.796128570E-1,-6.172629595E-1,1.023085117E0,-7.254600525E-2,1.197071277E0
3.876457800E-1,-5.635045767E-1,1.099676132E0,-1.604537964E-1,1.246021839E0
3.956408950E-1,-7.757709622E-1,1.092359543E0,-2.387895584E-1,1.360915284E0
4.036801650E-1,-8.815777302E-1,7.918338776E-1,-2.027492523E-1,1.202201083E0
4.116751260E-1,-8.173971772E-1,7.652544975E-1,-2.244892120E-1,1.141992994E0
4.196714340E-1,-8.702917695E-1,8.328571320E-1,-3.953371048E-1,1.267813154E0
4.277063950E-1,-9.601642489E-1,8.965706825E-1,-4.257011414E-1,1.380932958E0
4.357034720E-1,-9.279050827E-1,9.153904915E-1,-4.344592094E-1,1.373936825E0
4.437333950E-1,-8.033587933E-1,8.148865700E-1,-3.141727448E-1,1.186646530E0
4.517282030E-1,-8.278122544E-1,6.846837997E-1,-5.202865601E-2,1.075533363E0
4.597211260E-1,-5.383794904E-1,7.216134071E-1,2.800941467E-2,9.007568553E-1
4.677139720E-1,-2.157243937E-1,6.758575439E-1,4.219875336E-1,8.254658759E-1
4.757076260E-1,-2.498961985E-2,5.745582581E-1,8.985691071E-1,1.066849621E0
4.837360870E-1,2.797092199E-1,2.269825935E-1,2.786098480E0,2.809288715E0
4.917292410E-1,6.792679429E-1,-1.835427284E-1,4.480288506E0,4.535204291E0
4.997217800E-1,1.310652494E0,1.888256073E-1,3.496474266E0,3.738822992E0
5.077332800E-1,2.136666298E0,3.835291862E-1,2.982691765E0,3.689022590E0
5.157613950E-1,3.439378262E0,6.056270599E-1,2.122987747E0,4.086952891E0
5.237915490E-1,4.282531261E0,8.171734810E-1,1.080395699E0,4.491670220E0
5.317878560E-1,4.754591465E0,6.841206551E-1,6.637477875E-1,4.849198098E0
5.397815100E-1,5.153124809E0,7.564702034E-1,1.832532883E-1,5.211575984E0
5.478045490E-1,5.142886162E0,5.135722160E-1,1.213547230E0,5.309023580E0
5.557985100E-1,5.203243256E0,2.500877380E-1,1.980881691E0,5.573165755E0
5.638443950E-1,5.624629974E0,1.185159683E-1,2.768198967E0,6.270042576E0
5.718390490E-1,6.065442085E0,-2.524328232E-1,3.547379017E0,7.031159784E0
5.798326250E-1,6.213294029E0,-8.693985939E-1,4.479212284E0,7.708710612E0
5.878603950E-1,5.595953941E0,5.405821800E-1,5.517450333E0,7.877130682E0
5.958564720E-1,3.545976162E0,4.063496590E0,5.472684860E0,7.683503827E0
6.038679720E-1,3.276799679E0,6.546986580E0,6.043482780E0,9.493373138E0
6.118624710E-1,4.892864227E0,7.837393284E0,6.807490826E0,1.147635766E1
6.198568950E-1,5.810245991E0,8.491308212E0,7.658335686E0,1.282619893E1
6.278722020E-1,6.000211716E0,8.811130524E0,8.394672394E0,1.356868035E1
6.358669710E-1,4.027169228E0,6.635842323E0,9.599652290E0,1.234527519E1
6.438933180E-1,5.255011082E0,5.985817432E0,9.578505516E0,1.245764503E1
6.518882410E-1,7.840425014E0,5.744899750E0,9.911625862E0,1.388223558E1
6.599190100E-1,7.927461624E0,5.601186275E0,1.043481827E1,1.425143388E1
6.679337400E-1,6.908390522E0,5.817934036E0,1.165441418E1,1.474447645E1
6.759291250E-1,6.490980148E0,5.346199989E0,1.354631042E1,1.594419028E1
6.839649330E-1,5.577106476E0,4.452339649E0,1.493371391E1,1.655123126E1
6.919602020E-1,4.418623447E0,3.476026535E0,1.438584709E1,1.544537439E1
6.999531630E-1,4.757907391E0,1.784488678E0,1.198621750E1,1.301888983E1
7.079822400E-1,4.739163399E0,-4.382896423E-2,9.505271912E0,1.062128923E1
7.159770480E-1,4.233270645E0,-1.679214478E0,5.818889618E0,7.389168966E0
7.239890480E-1,2.627472401E0,-2.648575306E0,2.938653469E0,4.749131139E0
7.319839330E-1,1.385408640E0,-3.385908127E0,8.758702278E-1,3.761765490E0
7.399781250E-1,5.907679200E-1,-4.351226807E0,-1.588400126E0,4.669603454E0
7.480164710E-1,-2.463651896E-1,-4.807604790E0,-2.970743179E0,5.656772459E0
7.560458560E-1,-4.703288674E-1,-5.580227375E0,-3.565465927E0,6.638726842E0
7.640687790E-1,-7.937171459E-1,-5.925784111E0,-3.836159229E0,7.103592181E0
7.720625480E-1,-1.092670918E0,-6.004001617E0,-3.144327641E0,6.865039073E0
7.800575860E-1,-4.825741351E-1,-6.312698841E0,-6.901341677E-1,6.368620700E0
7.880707400E-1,-2.262634188E-1,-6.983947754E0,1.285759091E0,7.104920675E0
7.960642780E-1,2.270672917E-1,-8.783926010E0,2.190425634E0,9.055765024E0
8.040733550E-1,1.634359121E0,-1.010115528E1,3.182641029E0,1.071604739E1
8.120685860E-1,1.985848069E0,-1.081991863E1,4.030136108E0,1.171564035E1
8.200642400E-1,2.102383137E0,-1.123337555E1,4.444418430E0,1.226220193E1
8.280937400E-1,2.214805841E0,-1.136567211E1,5.364467144E0,1.276171521E1
8.360895480E-1,1.983504891E0,-1.140361023E1,5.168100834E0,1.267619360E1
8.441007780E-1,6.346137524E-1,-1.143943691E1,4.147444248E0,1.218461100E1
8.521401240E-1,-4.910278320E-1,-1.140754700E1,2.356215954E0,1.165868734E1
8.601360470E-1,-1.120776892E0,-1.123527336E1,6.490221620E-1,1.130967454E1
8.681514700E-1,-1.737012744E0,-1.144672680E1,-1.162086725E0,1.163594488E1
8.761460860E-1,-1.455893040E0,-1.198507881E1,-2.580489159E0,1.234587635E1
8.841728940E-1,-5.795560479E-1,-1.262432480E1,-3.342706203E0,1.307222807E1
8.921682400E-1,6.719357371E-1,-1.316902924E1,-2.549487829E0,1.343036548E1
9.001630860E-1,5.620375872E-1,-1.346653175E1,-2.468832016E0,1.370249960E1
9.081770860E-1,-1.268970966E-1,-1.371314049E1,-3.026178360E0,1.404364911E1
9.161727400E-1,-6.687037945E-1,-1.355693245E1,-4.084966183E0,1.417478504E1
9.241855470E-1,-2.431873679E-1,-1.387901878E1,-4.755507946E0,1.467314412E1
9.321814320E-1,8.285947442E-1,-1.344033146E1,-4.438713074E0,1.417854903E1
9.401767780E-1,7.796654105E-1,-1.347337246E1,-4.143403530E0,1.411762857E1
9.482068930E-1,2.098355889E-1,-1.399138546E1,-3.820866108E0,1.450523753E1
9.562011620E-1,-1.661397457E0,-1.428779221E1,-4.885161400E0,1.519098580E1
9.642291240E-1,-3.415221214E0,-1.522533131E1,-6.133262157E0,1.676577925E1
9.722225850E-1,-4.843648911E0,-1.566784668E1,-6.716196060E0,1.772144587E1
9.802171240E-1,-3.244485140E0,-1.366366959E1,-6.927225113E0,1.565915062E1
9.882342390E-1,-1.155584335E0,-1.209968090E1,-6.249588013E0,1.366729686E1
9.962302390E-1,-1.454375505E0,-1.232935905E1,-6.680068016E0,1.409792933E1
1.004226393E0,-7.201393843E-1,-1.234790421E1,-7.252707005E0,1.433844824E1
1.012222893E0,1.334719658E-1,-1.197495842E1,-7.038167477E0,1.389076115E1
1.020220855E0,6.140139699E-1,-1.154700184E1,-7.266191006E0,1.365678573E1
1.028240278E0,1.178478241E0,-1.094862938E1,-7.560301304E0,1.335737444E1
1.036238047E0,1.445644259E0,-1.010392857E1,-7.711012363E0,1.279214491E1
1.044289624E0,1.717026114E0,-8.874790192E0,-7.793084145E0,1.193491685E1
1.052287008E0,1.845520258E0,-7.458058357E0,-7.662533283E0,1.085094447E1
1.060282547E0,2.196797132E0,-6.158398151E0,-7.089475155E0,9.644295900E0
1.068313739E0,2.605666637E0,-4.814405441E0,-6.037197113E0,8.149585717E0
1.076308700E0,3.459434271E0,-2.621654510E0,-3.978343487E0,5.887951660E0
1.084330124E0,4.468193054E0,-9.381332397E-1,-7.005231380E-1,4.619044903E0
1.092325893E0,5.852676868E0,1.800695419E0,2.858778477E0,6.757880207E0
1.100322893E0,6.026841164E0,4.518777847E0,7.426796913E0,1.057825506E1
1.108340277E0,5.656041145E0,6.828969002E0,1.005816555E1,1.340866560E1
1.116335277E0,5.258362770E0,9.194553375E0,1.177863121E1,1.584065478E1
1.124363508E0,3.978987217E0,1.095764542E1,1.219724178E1,1.687231577E1
1.132359469E0,3.520256042E0,1.273536396E1,1.319044304E1,1.867001568E1
1.140393277E0,2.578334808E0,1.485641384E1,1.465288734E1,2.102541201E1
1.148410854E0,1.569838047E0,1.655677986E1,1.639683723E1,2.335482011E1
1.156408892E0,9.813192487E-1,1.824174881E1,1.913189125E1,2.645285712E1
1.164422046E0,8.779686689E-1,1.960102654E1,2.189057922E1,2.939674351E1
1.172419431E0,9.320602417E-1,2.044058037E1,2.371566963E1,3.132281993E1
1.180415431E0,1.562390089E0,2.046532822E1,2.492017937E1,3.228445542E1
1.188448123E0,2.472726345E0,1.987684822E1,2.430801392E1,3.149734927E1
1.196444662E0,3.167790890E0,1.891092300E1,2.319338608E1,3.009304015E1
1.204458431E0,4.109642029E0,1.729113770E1,2.117640686E1,2.764620784E1
1.212454815E0,4.418650150E0,1.568809891E1,1.888680267E1,2.494698843E1
1.220452238E0,4.475119591E0,1.379681492E1,1.614197350E1,2.170120056E1
1.228493046E0,4.862384319E0,1.200169945E1,1.351905823E1,1.872026993E1
1.236526238E0,4.873655319E0,1.044145012E1,1.153162193E1,1.630198458E1
1.244554892E0,5.009282112E0,8.634524345E0,9.716003418E0,1.393013426E1
1.252550815E0,4.513226986E0,7.229468346E0,7.837211609E0,1.157826914E1
1.260546854E0,3.810569763E0,6.366064072E0,6.468664646E0,9.843314279E0
1.268564469E0,2.768682957E0,5.616458893E0,5.168557644E0,8.119372139E0
1.276559815E0,2.066672325E0,4.962796211E0,4.551758289E0,7.044074407E0
1.284573584E0,1.440474987E0,4.130381584E0,4.336227417E0,6.159374029E0
1.292568930E0,1.123281240E0,3.020159721E0,4.193332195E0,5.288398660E0
1.300563507E0,9.130606055E-1,1.936150551E0,4.111057281E0,4.634991974E0
1.308594930E0,3.217731714E-1,8.110990524E-1,4.094746590E0,4.186689537E0
1.316590853E0,-3.511406779E-1,-8.242607117E-2,4.069016933E0,4.084971559E0
1.324603469E0,-4.839093089E-1,-1.180093765E0,3.971715927E0,4.171488574E0
1.332643353E0,-8.150847554E-1,-2.350370884E0,3.715409756E0,4.471339408E0
1.340640930E0,-9.681468010E-1,-3.430418491E0,3.205232620E0,4.793599420E0
1.348658276E0,-1.357142925E0,-4.728063107E0,2.624715090E0,5.575441414E0
1.356656276E0,-1.714507222E0,-5.921893120E0,2.151328087E0,6.529668114E0
1.364684853E0,-1.830929756E0,-6.894088745E0,1.755528212E0,7.345926946E0
1.372679853E0,-1.986682057E0,-8.154363632E0,1.202082872E0,8.478534960E0
1.380675392E0,-2.404031038E0,-9.025650978E0,5.672793388E-1,9.357539562E0
1.388690969E0,-2.850935459E0,-9.821550369E0,5.611205101E-2,1.022711265E1
1.396686392E0,-3.192080021E0,-1.053794670E1,-4.006046653E-1,1.101808421E1
1.404699199E0,-3.227428913E0,-1.108682537E1,-6.066966057E-1,1.156296134E1
1.412695353E0,-3.021421432E0,-1.156054592E1,-8.370346427E-1,1.197813994E1
1.420690776E0,-3.052545071E0,-1.190476131E1,-8.157514930E-1,1.231693240E1
1.428723315E0,-3.320368528E0,-1.223042297E1,-7.439239621E-1,1.269494057E1
1.436720276E0,-3.143122673E0,-1.249506760E1,-7.265197039E-1,1.290479621E1
1.444734161E0,-3.017813921E0,-1.261295509E1,-4.897841811E-1,1.297820194E1
1.452731007E0,-2.892704725E0,-1.302021408E1,-5.438665152E-1,1.334876422E1
1.460727853E0,-2.742933273E0,-1.335301113E1,-8.062171936E-1,1.365564262E1
1.468744430E0,-2.637035131E0,-1.361128426E1,-1.237685919E0,1.391951435E1
1.476740776E0,-1.744169593E0,-1.379983521E1,-1.953114033E0,1.404607538E1
1.484768507E0,-1.448034167E0,-1.368682480E1,-2.462312460E0,1.398173661E1
1.492764353E0,-1.317537189E0,-1.385574532E1,-2.771245241E0,1.419145457E1
1.500761199E0,-8.346477747E-1,-1.413187408E1,-3.581761122E0,1.460258589E1
1.508777968E0,-5.255926847E-1,-1.430468369E1,-4.018153191E0,1.486760835E1
1.516773083E0,1.455836296E-1,-1.441953564E1,-4.564046383E0,1.512530072E1
1.524822006E0,3.152644634E-2,-1.441893768E1,-5.071860790E0,1.528497726E1
1.532817660E0,1.080918312E-1,-1.416160011E1,-5.743987560E0,1.528253888E1
1.540813083E0,3.896890283E-1,-1.429927731E1,-6.195620060E0,1.558867849E1
1.548853622E0,3.599897623E-1,-1.411885262E1,-6.606904030E0,1.559239471E1
1.556849314E0,4.876107574E-1,-1.388135433E1,-6.854680061E0,1.548923501E1
1.564870891E0,6.949591041E-1,-1.395807076E1,-7.212085247E0,1.572656609E1
1.572864506E0,9.688231349E-1,-1.394173241E1,-7.490889549E0,1.585635352E1
1.580859122E0,1.168769717E0,-1.371464348E1,-7.414457798E0,1.563431012E1
1.588900968E0,1.442427874E0,-1.379570198E1,-7.497999191E0,1.576775137E1
1.596895737E0,1.471883059E0,-1.345795536E1,-7.767705917E0,1.560833936E1
1.604934468E0,1.200307608E0,-1.297312832E1,-7.996494770E0,1.528681541E1
1.612928352E0,9.841271043E-1,-1.244036674E1,-8.036203384E0,1.484290389E1
1.620959621E0,1.009123564E0,-1.161225510E1,-7.732405663E0,1.398759794E1
1.628976545E0,9.268787503E-1,-1.044183445E1,-6.956956863E0,1.258134570E1
1.636972429E0,6.695680618E-1,-9.576066971E0,-6.049013615E0,1.134636267E1
1.644983891E0,9.109601974E-1,-8.526198387E0,-4.688341141E0,9.772740152E0
1.652979544E0,1.418974876E0,-7.286174774E0,-2.365374327E0,7.790816918E0
1.660976198E0,1.871367574E0,-6.119982719E0,-8.215212822E-2,6.400230781E0
1.669008160E0,2.404350758E0,-4.514003277E0,2.357590675E0,5.631639365E0
1.677004198E0,2.666379929E0,-2.897464275E0,4.096681595E0,5.682225025E0
1.685017967E0,2.220346928E0,-7.712631226E-1,5.706919193E0,6.172010528E0
1.693014121E0,6.845669746E-1,1.800261497E0,7.332157135E0,7.580903749E0
1.701009160E0,-7.927432060E-1,4.012073517E0,9.232116699E0,1.009738354E1
1.709041006E0,-1.847776890E0,6.737768173E0,1.178023148E1,1.369619119E1
1.717072275E0,-1.338610172E0,9.109040260E0,1.477603531E1,1.740970164E1
1.725100429E0,3.137129545E-1,1.115872097E1,1.779258347E1,2.100455893E1
1.733096660E0,2.225553751E0,1.290079594E1,2.194630241E1,2.555433065E1
1.741093352E0,2.811867714E0,1.424397755E1,2.462003708E1,2.858222738E1
1.749110006E0,2.762661219E0,1.514493561E1,2.627725601E1,3.045481169E1
1.757105121E0,1.954379082E0,1.606286621E1,2.628561020E1,3.086694951E1
1.765118929E0,1.185523510E0,1.659610748E1,2.520614243E1,3.020241490E1
1.773114621E0,8.105516434E-2,1.664233017E1,2.303586006E1,2.841873629E1
1.781111275E0,-6.782065630E-1,1.639196014E1,2.087738037E1,2.655223781E1
1.789144313E0,-1.169364214E0,1.581963444E1,1.845912552E1,2.433860229E1
1.797139852E0,-1.451976180E0,1.469208717E1,1.603702164E1,2.179797521E1
1.805153313E0,-1.601339817E0,1.356800365E1,1.389043903E1,1.948330847E1
1.813192582E0,-1.858020902E0,1.215086651E1,1.144235039E1,1.679354581E1
1.821189044E0,-2.159518480E0,1.057096291E1,9.423065186E0,1.432490608E1
1.829205544E0,-2.434809208E0,9.172272682E0,8.046293259E0,1.244193382E1
1.837202044E0,-2.767578602E0,7.603929520E0,6.755758286E0,1.054132371E1
1.845228313E0,-3.034238815E0,6.434209824E0,5.660797119E0,9.091220230E0
1.853224390E0,-3.384141922E0,5.272289276E0,4.555154324E0,7.745894504E0
1.861220928E0,-3.548033953E0,4.258887291E0,3.677235603E0,6.651971705E0
1.869238967E0,-3.561811209E0,3.440177917E0,3.013115406E0,5.796566884E0
1.877234044E0,-3.329474449E0,2.517602921E0,2.506171227E0,4.868738932E0
1.885246928E0,-2.975716591E0,1.745882034E0,2.177845716E0,4.079951626E0
1.893242236E0,-2.767096281E0,1.196943283E0,1.892922878E0,3.559866862E0
1.901238467E0,-2.683615208E0,6.908082962E-1,1.413251400E0,3.110672950E0
1.909271543E0,-2.717298031E0,3.183784485E-1,9.373517036E-1,2.892006508E0
1.917268466E0,-2.624793768E0,-1.667060852E-1,4.707281590E-1,2.671875417E0
1.925286505E0,-2.606886864E0,-6.329555511E-1,1.910848618E-1,2.689424711E0
1.933282351E0,-2.602429390E0,-1.025817871E0,-8.722019196E-2,2.798669040E0
1.941279274E0,-2.565788507E0,-1.565479279E0,-4.992551804E-1,3.046842919E0
1.949305466E0,-2.305199385E0,-2.028739929E0,-5.688171387E-1,3.123024630E0
1.957303197E0,-2.146545172E0,-2.701542377E0,-5.402243137E-1,3.492539148E0
1.965336966E0,-1.929986238E0,-3.325753212E0,-5.030145645E-1,3.877951129E0
1.973333582E0,-1.638072252E0,-3.860884666E0,-3.777320385E-1,4.210984755E0
1.981329159E0,-1.508578539E0,-4.555815220E0,-3.439676762E-1,4.811400554E0
1.989345505E0,-1.457587481E0,-5.327769756E0,-1.915245056E-1,5.526877371E0
1.997339543E0,-1.295862675E0,-6.031378269E0,-5.954146385E-2,6.169305397E0
2.005388735E0,-1.020785928E0,-6.886725426E0,5.667161942E-2,6.962198121E0
2.013385158E0,-6.031037569E-1,-7.664250374E0,3.213942051E-2,7.688010203E0
2.021380351E0,5.691778660E-2,-8.569303513E0,-4.832947254E-2,8.569628817E0
2.029410658E0,7.600789070E-1,-9.371764183E0,-1.742243767E-1,9.404150040E0
2.037406120E0,1.511743426E0,-1.000436401E1,-3.487181664E-1,1.012394547E1
2.045418504E0,1.841657639E0,-1.059574413E1,-5.700958967E-1,1.076970315E1
2.053413966E0,2.058475018E0,-1.088180542E1,-8.710018992E-1,1.110898973E1
2.061409658E0,2.301771641E0,-1.124118519E1,-1.058843970E0,1.152317438E1
2.069426774E0,2.624725819E0,-1.178386593E1,-1.227224231E0,1.213485728E1
2.077423735E0,2.910263538E0,-1.226966476E1,-1.383471608E0,1.268575189E1
2.085452466E0,3.066292286E0,-1.279713249E1,-1.580451965E0,1.325392685E1
2.093447081E0,2.622328281E0,-1.286123466E1,-2.090703249E0,1.329131306E1
2.101479158E0,1.934016466E0,-1.298180008E1,-2.591552258E0,1.337847884E1
2.109495966E0,2.008977175E0,-1.350069427E1,-2.628863811E0,1.390020360E1
2.117490120E0,2.285341501E0,-1.315442276E1,-3.594164848E0,1.382677276E1
2.125501812E0,3.531761408E0,-1.402746010E1,-4.137449265E0,1.504531362E1
2.133496120E0,4.666392326E0,-1.433949852E1,-5.370517254E0,1.600746359E1
2.141490350E0,5.166166782E0,-1.460176849E1,-6.552058697E0,1.681756212E1
2.149521966E0,4.106348038E0,-1.310091400E1,-8.884469986E0,1.635328251E1
2.157516812E0,1.698347330E0,-1.170568657E1,-1.024028301E1,1.564515509E1
2.165529850E0,4.648923874E-3,-1.102905464E1,-1.122242451E1,1.573476659E1
2.173525427E0,-1.277030706E0,-1.044956398E1,-1.258709240E1,1.640911606E1
2.181520889E0,-1.645313501E0,-1.055367851E1,-1.371747589E1,1.738552074E1
2.189558658E0,-1.405444622E0,-1.032146549E1,-1.492566395E1,1.820119141E1
2.197589004E0,-1.410560846E0,-9.547491074E0,-1.505658340E1,1.788421012E1
2.205584119E0,-1.914008617E0,-9.340405464E0,-1.466682625E1,1.749349580E1
2.213579504E0,-2.171497107E0,-9.080506325E0,-1.369890404E1,1.657802662E1
2.221576696E0,-2.281334877E0,-8.521100998E0,-1.234890270E1,1.517593651E1
2.229596004E0,-2.752667904E0,-8.035913467E0,-1.069951820E1,1.366136068E1
2.237594658E0,-3.086999655E0,-7.080077171E0,-7.837140083E0,1.100353690E1
2.245610042E0,-2.665324688E0,-5.787994862E0,-4.878315449E0,8.025135627E0
2.253605965E0,-2.044053555E0,-4.079068661E0,-1.408542871E0,4.775033936E0
2.261601811E0,-2.401686430E0,-2.209560394E0,1.984994650E0,3.819745882E0
2.269635004E0,-3.317488670E0,-3.466410637E-1,5.131076813E0,6.119954278E0
2.277630581E0,-3.683721066E0,1.915812492E0,8.746793747E0,9.682279651E0
2.285644965E0,-3.785815239E0,3.951941490E0,1.159364128E1,1.282040392E1
2.293683080E0,-4.687676430E0,5.666817188E0,1.335306168E1,1.524438859E1
2.301678311E0,-4.881479263E0,7.148954391E0,1.510649490E1,1.741099012E1
2.309694273E0,-5.720551491E0,8.648501396E0,1.819413185E1,2.094153098E1
2.317690388E0,-6.981238365E0,1.058463478E1,2.442189980E1,2.751729224E1
2.325718773E0,-7.308608055E0,1.236832809E1,3.145371819E1,3.457929553E1
2.333714388E0,-5.644396782E0,1.228198051E1,3.534782410E1,3.784408710E1
2.341710426E0,-5.241148949E0,1.366817760E1,3.772048950E1,4.046138962E1
2.349729388E0,-6.208167076E0,1.450245094E1,3.656047058E1,3.981871960E1
2.357725657E0,-6.443799973E0,1.459971046E1,3.305327988E1,3.670413348E1
2.365739388E0,-7.244606495E0,1.423409271E1,2.798055267E1,3.221808571E1
2.373736696E0,-7.986614227E0,1.330983829E1,2.362037277E1,2.826410820E1
2.381732272E0,-8.373612404E0,1.176968765E1,1.892370796E1,2.380650447E1
2.389764772E0,-8.553943634E0,1.003235531E1,1.509922886E1,2.004506964E1
2.397759811E0,-8.969019890E0,8.340330124E0,1.264595222E1,1.760467358E1
2.405773618E0,-9.567106247E0,6.422125816E0,1.028597260E1,1.544585557E1
2.413768888E0,-9.870876312E0,4.880219460E0,8.795854568E0,1.409318270E1
2.421764465E0,-1.003202343E1,3.340788841E0,7.261580944E0,1.282703871E1
2.429781580E0,-1.005165482E1,2.042451859E0,6.055090427E0,1.191098208E1
2.437777080E0,-9.316519737E0,1.236092567E0,4.986010551E0,1.063887993E1
2.445804426E0,-8.417009354E0,3.334693909E-1,3.682162285E0,9.193234871E0
2.453798772E0,-8.044342041E0,-4.659948349E-1,2.443722248E0,8.420235655E0
2.461793695E0,-7.480094910E0,-1.454934120E0,1.182000637E0,7.711405751E0
2.469810964E0,-6.828588486E0,-2.185420990E0,-1.281669140E-1,7.170921305E0
2.477807426E0,-5.971248150E0,-3.417174339E0,-8.848044872E-1,6.936552740E0
2.485857426E0,-5.451163292E0,-4.718968391E0,-1.804042459E0,7.432254914E0
2.493854272E0,-4.500825882E0,-5.886904716E0,-2.742942572E0,7.901696951E0
2.501851118E0,-3.631792545E0,-6.912894726E0,-3.149294138E0,8.419981244E0
2.509881810E0,-2.443284512E0,-8.013490677E0,-3.508308172E0,9.082615167E0
2.517877041E0,-1.268361449E0,-8.694875717E0,-3.649107933E0,9.514493849E0
2.525888426E0,-3.934094906E-1,-9.394773483E0,-3.584745884E0,1.006314776E1
2.533882887E0,2.926569581E-1,-9.873843193E0,-3.251321316E0,1.039949604E1
2.541877272E0,1.024165630E0,-1.028975773E1,-3.034589291E0,1.077667674E1
2.549892887E0,1.581193089E0,-1.075804901E1,-2.482950211E0,1.115351209E1
2.557887003E0,1.973091364E0,-1.108619690E1,-1.710942864E0,1.138965218E1
2.565914733E0,2.118759155E0,-1.131082916E1,-9.498504400E-1,1.154669704E1
2.573909156E0,1.970751524E0,-1.156810951E1,-2.308674455E-1,1.173704899E1
2.581939887E0,1.684820890E0,-1.164082623E1,1.187233925E-1,1.176271873E1
2.589955887E0,1.129896045E0,-1.160842991E1,1.062538028E-1,1.166377297E1
2.597951579E0,3.470131159E-1,-1.151892185E1,-1.023387015E-1,1.152460203E1
2.605961579E0,1.470858753E-1,-1.155425835E1,-3.671808839E-1,1.156102686E1
2.613956618E0,-7.385730743E-3,-1.166182899E1,-7.730898857E-1,1.168742820E1
2.621951233E0,-4.350281060E-1,-1.183918571E1,-1.083712935E0,1.189663825E1
2.629981925E0,-6.732929945E-1,-1.191183662E1,-1.352303743E0,1.200724367E1
2.637977310E0,-9.973364472E-1,-1.188719940E1,-1.749584556E0,1.205658475E1
2.645990464E0,-1.247890592E0,-1.218708420E1,-2.113438845E0,1.243176882E1
2.653985810E0,-1.428159118E0,-1.241201019E1,-2.737650394E0,1.279032311E1
2.661981694E0,-1.534469962E0,-1.269411659E1,-3.247192144E0,1.319240126E1
2.670010925E0,-1.610571146E0,-1.287857819E1,-3.594397545E0,1.346742029E1
2.678041387E0,-1.740945935E0,-1.303739929E1,-3.767460108E0,1.368204768E1
2.686067617E0,-1.598043442E0,-1.327835083E1,-4.431312561E0,1.408917580E1
2.694063694E0,-1.398281574E0,-1.332505035E1,-4.504662514E0,1.413520932E1
2.702058040E0,-2.040012836E0,-1.331308556E1,-4.747943878E0,1.428085678E1
2.710073733E0,-2.386122942E0,-1.332593727E1,-5.082015991E0,1.446032757E1
2.718069079E0,-2.565417767E0,-1.321252060E1,-5.508082867E0,1.454273172E1
2.726082963E0,-2.323592186E0,-1.280983353E1,-5.736006260E0,1.422647825E1
2.734077310E0,-3.295236588E0,-1.342148018E1,-6.263275146E0,1.517311207E1
2.742072540E0,-3.144886971E0,-1.403367996E1,-6.493446350E0,1.577971270E1
2.750073925E0,-2.678619146E0,-1.341678524E1,-6.290483952E0,1.505839683E1
2.758069925E0,-1.761584759E0,-1.304656410E1,-5.538193703E0,1.428242295E1
2.766082040E0,-1.059110165E0,-1.286696148E1,-4.730246544E0,1.374975070E1
2.774120963E0,-5.971054435E-1,-1.252071095E1,-4.740127087E0,1.340125152E1
2.782116694E0,-2.893476784E-1,-1.198358154E1,-4.949221134E0,1.296860588E1
2.790134040E0,3.768494725E-1,-1.135804844E1,-4.878066540E0,1.236700501E1
2.798129809E0,5.821332335E-1,-1.082682514E1,-4.996881485E0,1.193850268E1
2.806158040E0,7.695559263E-1,-9.716729164E0,-4.751041412E0,1.084340521E1
2.814153348E0,1.116859436E0,-8.540035248E0,-3.850917339E0,9.434465612E0
2.822150040E0,2.028339148E0,-7.160417557E0,-2.259150743E0,7.777499686E0
2.830168155E0,2.749546528E0,-6.215139389E0,-5.705006123E-1,6.820075856E0
2.838165732E0,2.527891636E0,-5.737867832E0,1.221616268E0,6.387934697E0
2.846178578E0,1.541657925E0,-4.108289242E0,3.314706087E0,5.499275052E0
2.854175271E0,1.847512484E0,-3.384861469E0,4.632787228E0,6.027711592E0
2.862171271E0,5.704302788E-1,-3.767755508E0,6.072710991E0,7.169322915E0
2.870203194E0,-1.256718040E0,-3.595867634E0,6.418919086E0,7.464055634E0
2.878200347E0,-3.067774534E0,-3.478008270E0,7.072383404E0,8.457327541E0
2.886214347E0,-3.748863459E0,-4.382913589E0,9.312997818E0,1.095426114E1
2.894211770E0,-4.172872066E0,-5.509759426E0,1.546491623E1,1.693912466E1
2.902209117E0,-3.668857336E0,-4.101706028E0,2.155874825E1,2.225003668E1
2.910226001E0,-4.817319393E0,-1.773854256E0,2.802128220E1,2.848763558E1
2.918222463E0,-5.998215199E0,8.338508606E-1,3.087328720E1,3.146162353E1
2.926250847E0,-3.182104111E0,4.978295326E0,2.838727570E1,2.899563126E1
2.934247193E0,-1.637177467E0,6.277950287E0,2.356661606E1,2.444337134E1
2.942243463E0,-1.006621242E0,7.538383007E0,1.860953903E1,2.010361778E1
2.950262501E0,-1.030881524E0,8.764254570E0,1.430590248E1,1.680873941E1
2.958257578E0,-2.540763378E0,8.527753830E0,1.220746040E1,1.510629516E1
2.966309886E0,-3.742943287E0,8.609531403E0,1.396018982E1,1.682321477E1
2.974305886E0,-3.741116524E0,8.256715775E0,1.921675491E1,2.124742285E1
2.982301501E0,-3.709108829E0,8.027666092E0,2.275075722E1,2.440897100E1
2.990334309E0,-3.066321850E0,7.797744751E0,2.604831314E1,2.736278075E1
2.998332770E0,-1.889003277E0,7.994424343E0,2.740914726E1,2.861364198E1
3.006347578E0,-1.119728327E0,8.109521866E0,2.713210678E1,2.834024267E1
3.014347039E0,-4.877052903E-1,7.072132587E0,2.564793205E1,2.660957223E1
3.022345847E0,1.149783134E-1,6.090691566E0,2.335123444E1,2.413275561E1
3.030364808E0,1.143024325E0,5.356375217E0,1.988458633E1,2.062508264E1
3.038362231E0,2.089316607E0,4.104402542E0,1.582941341E1,1.648580278E1
3.046390462E0,3.168282986E0,3.303037167E0,1.205615807E1,1.289569769E1
3.054386578E0,2.270796776E0,2.891477108E0,8.522781372E0,9.281969628E0
3.062419424E0,1.766672492E0,2.089610100E0,7.992733955E0,8.448159453E0
3.070438616E0,2.562871218E0,1.623964310E0,6.820444584E0,7.464853199E0
3.078436347E0,2.206706047E0,2.742524147E-1,7.197722912E0,7.533391074E0
3.086450039E0,3.791319370E0,9.720087051E-1,6.695174694E0,7.755273540E0
3.094446962E0,4.909446716E0,5.341572762E-1,6.873816967E0,8.463885086E0
3.102441847E0,6.753988266E0,-7.951402664E-2,6.617281437E0,9.455743947E0
3.110471500E0,8.456545830E0,-1.057495117E0,6.337493896E0,1.062051280E1
3.118467577E0,8.945789337E0,-2.163020134E0,6.083606243E0,1.103250053E1
3.126480770E0,8.727075577E0,-2.830527544E0,5.679130554E0,1.079010001E1
3.134477770E0,8.043211937E0,-3.400593519E0,5.204702377E0,1.016593436E1
3.142473731E0,7.382446289E0,-3.886768341E0,4.172039986E0,9.328097287E0
3.150511346E0,6.466995239E0,-4.220813751E0,4.002737045E0,8.698229705E0
3.158543269E0,5.213120461E0,-4.347392082E0,3.447148800E0,7.613099087E0
3.166571308E0,4.780157089E0,-4.114590645E0,2.666544437E0,6.847643186E0
3.174567423E0,4.000000954E0,-3.390171051E0,3.030065536E0,6.055952819E0
3.182564039E0,4.645918369E0,-3.215952396E0,2.563180923E0,6.204579257E0
3.190581192E0,3.828075409E0,-2.699113846E0,1.793248653E0,5.015487775E0
3.198578269E0,3.994362593E0,-2.441339493E0,1.271400928E0,4.850930979E0
3.206602231E0,4.145746231E0,-2.709921360E0,1.583447456E0,5.199826097E0
3.214598923E0,4.902433395E0,-2.829615593E0,1.423281193E0,5.836634900E0
3.222594192E0,5.551913261E0,-2.894104958E0,1.260888100E0,6.386659782E0
3.230636577E0,5.991300583E0,-3.162625313E0,1.075201750E0,6.859587476E0
3.238633769E0,6.507907867E0,-3.198227882E0,6.509876251E-1,7.280474661E0
3.246646038E0,7.034829617E0,-3.591246128E0,-5.984210968E-2,7.898699739E0
3.254684500E0,7.576488972E0,-3.800169945E0,-8.583459854E-1,8.519462106E0
3.262680961E0,7.767201424E0,-4.080557346E0,-1.167901993E0,8.851235014E0
3.270696807E0,6.964435101E0,-4.257260323E0,-1.171346426E0,8.246191495E0
3.278693307E0,6.190876961E0,-3.705128670E0,-1.151431203E0,7.306211728E0
3.286722423E0,5.001513481E0,-3.186362267E0,-4.416837692E-1,5.946690352E0
3.294718384E0,4.298805237E0,-3.448887348E0,2.525081635E-1,5.517092602E0
3.302714807E0,4.322861671E0,-4.103675842E0,3.444888592E-1,5.970423856E0
3.310742269E0,4.367895603E0,-4.630636215E0,8.005061150E-1,6.415770710E0
3.318739230E0,4.335050106E0,-4.970066547E0,9.814043045E-1,6.667636412E0
3.326762269E0,3.914812803E0,-5.330721855E0,1.206479788E0,6.722941935E0
3.334758538E0,3.994724751E0,-5.896221161E0,7.758958340E-1,7.164165280E0
3.342755384E0,3.904921055E0,-6.394941807E0,5.500237942E-1,7.513069634E0
3.350788076E0,3.949179173E0,-7.346701622E0,6.610281467E-1,8.367018529E0
3.358783961E0,4.210442066E0,-7.736282349E0,9.743891954E-1,8.861564268E0
3.366796923E0,4.177021503E0,-8.307243347E0,9.870717525E-1,9.350513960E0
3.374792115E0,4.114796162E0,-9.165378571E0,2.475929260E-1,1.004972706E1
3.382788499E0,4.041023254E0,-9.655224800E0,-6.976659298E-1,1.048999393E1
3.390805576E0,4.115751266E0,-1.007706356E1,-1.625323176E0,1.100583000E1
3.398803115E0,3.548663855E0,-9.899279594E0,-2.178625107E0,1.073942079E1
3.406831730E0,2.890844107E0,-9.594677925E0,-2.167628050E0,1.025248436E1
3.414829422E0,2.720605135E0,-9.883331299E0,-2.173835039E0,1.047890684E1
3.422829153E0,2.867312193E0,-1.042996693E1,-2.423743486E0,1.108513517E1
3.430848576E0,2.697046280E0,-1.076664639E1,-2.664159060E0,1.141457299E1
3.438843961E0,2.240317822E0,-1.106199646E1,-2.943050385E0,1.166397596E1
3.446891884E0,1.826716185E0,-1.111841583E1,-3.092394352E0,1.168413306E1
3.454888345E0,1.632712364E0,-1.109997749E1,-3.112257242E0,1.164308358E1
3.462887307E0,1.712238312E0,-1.107001495E1,-2.844494343E0,1.155716830E1
3.470921768E0,1.555555105E0,-1.100809193E1,-2.404474497E0,1.137450382E1
3.478920614E0,1.445158243E0,-1.076609802E1,-2.233847380E0,1.108996948E1
3.486935537E0,1.640832901E0,-1.076117706E1,-1.993705034E0,1.106662208E1
3.494933845E0,1.692106724E0,-1.084544754E1,-1.776790380E0,1.111952974E1
3.502931614E0,1.564739108E0,-1.093725395E1,-1.606094480E0,1.116474236E1
3.510950191E0,1.496974349E0,-1.098153687E1,-1.494420528E0,1.118339737E1
3.518947845E0,1.479299545E0,-1.113639069E1,-1.486214161E0,1.133209412E1
3.526977422E0,1.465268970E0,-1.123204041E1,-1.696486950E0,1.145355023E1
3.534975576E0,1.361248493E0,-1.130894184E1,-1.924394846E0,1.155198938E1
3.543008037E0,9.535366893E-1,-1.146777916E1,-2.407032251E0,1.175640231E1
3.551024806E0,3.885000348E-1,-1.163472652E1,-2.966508865E0,1.201324138E1
3.559021845E0,-3.244006634E-1,-1.192484188E1,-3.460091829E0,1.242092288E1
3.567034653E0,-9.725488424E-1,-1.213509560E1,-4.203204632E0,1.287918187E1
3.575030768E0,-1.360423565E0,-1.224999237E1,-4.962217808E0,1.328671031E1
3.583027191E0,-1.692199349E0,-1.229332066E1,-5.804178715E0,1.369955335E1
3.591059383E0,-1.495887280E0,-1.210736084E1,-6.072314262E0,1.362713711E1
3.599057499E0,-1.387400627E0,-1.179104424E1,-5.796540260E0,1.321186904E1
3.607074114E0,-5.099294186E-1,-1.160519218E1,-5.503592491E0,1.285418391E1
3.615072691E0,4.557317495E-2,-1.152438068E1,-5.364328861E0,1.271178395E1
3.623070922E0,6.139759421E-1,-1.152570152E1,-5.605707645E0,1.283131795E1
3.631100152E0,8.292449117E-1,-1.156888580E1,-5.842710495E0,1.298707172E1
3.639132960E0,5.242521763E-1,-1.142063808E1,-5.820208073E0,1.282889850E1
3.647128921E0,-3.847215176E-1,-1.133128548E1,-5.358139992E0,1.254016369E1
3.655125037E0,-1.717675209E0,-1.097362804E1,-4.793117046E0,1.209730927E1
3.663121806E0,-2.745329857E0,-1.049206066E1,-4.687634468E0,1.181499428E1
3.671138344E0,-2.849756718E0,-9.733409882E0,-4.447024345E0,1.107413233E1
3.679133537E0,-2.277295589E0,-8.852990150E0,-3.977072477E0,9.968882349E0
3.687148383E0,-1.531522632E0,-7.738266468E0,-3.162293911E0,8.498613551E0
3.695146229E0,-6.170088053E-1,-6.963274479E0,-2.232930899E0,7.338519724E0
3.703143729E0,-7.365489006E-2,-6.788146973E0,-1.506628275E0,6.953725126E0
3.711176267E0,2.276918888E-1,-6.525175095E0,-7.673003674E-1,6.574078146E0
3.719173113E0,5.557769537E-1,-6.377101898E0,6.175463200E-1,6.430993710E0
3.727184921E0,1.037999034E0,-6.643061638E0,2.073572874E0,7.036150537E0
3.735224806E0,1.265429735E0,-6.812788963E0,3.312388420E0,7.680320496E0
3.743222498E0,1.913412571E0,-6.044499874E0,3.421954155E0,7.204644102E0
3.751241767E0,3.003669500E0,-5.162302494E0,3.803146839E0,7.080630155E0
3.759239113E0,4.372007370E0,-5.039835930E0,5.198076248E0,8.457800620E0
3.767268267E0,5.339764118E0,-4.890404224E0,8.054002762E0,1.083033216E1
3.775264613E0,6.744350433E0,-4.418384075E0,1.338688660E1,1.562744744E1
3.783260575E0,7.343578339E0,-3.258753538E0,1.932201004E1,2.092576616E1
3.791278421E0,7.371653557E0,-1.540396690E0,2.664952850E1,2.769316644E1
3.799302382E0,7.089002132E0,-2.643108368E-2,3.172815704E1,3.251046907E1
3.807316305E0,6.791352272E0,1.548730850E0,3.210248184E1,3.284951101E1
3.815311882E0,7.040936470E0,2.158878326E0,2.757186508E1,2.853845276E1
3.823306998E0,6.563059807E0,2.998030186E0,2.135814857E1,2.254401139E1
3.831338959E0,5.011402130E0,3.482685566E0,1.627379227E1,1.738043627E1
3.839335113E0,3.434260845E0,3.605920315E0,1.122628880E1,1.228113875E1
3.847350267E0,3.086991072E0,3.908284187E0,8.540832520E0,9.886860942E0
3.855347113E0,3.669565916E0,4.901688099E0,7.860932350E0,9.964262022E0
3.863344998E0,3.933742762E0,6.421826363E0,6.840994835E0,1.017415334E1
3.871362921E0,3.920889854E0,6.980478764E0,5.010883331E0,9.445073466E0
3.879359190E0,3.721771479E0,6.433249950E0,4.842776299E0,8.870781822E0
3.887388651E0,3.721265554E0,5.919879436E0,7.236851692E0,1.006304190E1
3.895384920E0,4.391488075E0,5.603947639E0,8.674606323E0,1.122221865E1
3.903381074E0,5.369753838E0,4.859737396E0,1.082700157E1,1.302594591E1
3.911399190E0,5.552397728E0,3.821021557E0,1.340373325E1,1.500297942E1
3.919394613E0,5.314914703E0,2.748385429E0,1.610897064E1,1.718432064E1
3.927444574E0,4.388716698E0,2.056955338E0,1.738931274E1,1.805214938E1
3.935441305E0,3.943257809E0,1.981658459E0,1.796388245E1,1.849803570E1
3.943438305E0,2.531607389E0,8.030691147E-1,1.717037010E1,1.737456663E1
3.951470728E0,1.808301210E0,5.681815147E-1,1.528590393E1,1.540297512E1
3.959466574E0,9.999642372E-1,4.058651924E-1,1.220070648E1,1.224834249E1
3.967480574E0,2.540485859E-1,4.064025879E-1,8.051437378E0,8.065689530E0
3.975476189E0,-4.796075821E-2,6.005063057E-1,5.212464809E0,5.247160894E0
3.983471382E0,2.954077721E-1,1.415057182E0,2.962114334E0,3.296023955E0
3.991486612E0,2.261955261E0,3.089443684E0,1.682648659E0,4.182392902E0
3.999481612E0,4.277285099E0,4.953406811E0,1.191575527E0,6.652161986E0
4.007506497E0,6.757656574E0,6.464731216E0,3.919248104E0,1.013997918E1
4.015502228E0,8.023002625E0,6.433583260E0,6.716989517E0,1.228322078E1
4.023534151E0,9.069471359E0,6.043100834E0,1.127573776E1,1.568172951E1
4.031550920E0,1.132865334E1,5.893719673E0,1.401910400E1,1.896337510E1
4.039546612E0,1.351518726E1,6.381710529E0,1.488865852E1,2.109641364E1
4.047559920E0,1.506604004E1,7.939404488E0,1.554330254E1,2.305675519E1
4.055556420E0,1.619184494E1,9.196601868E0,1.447070122E1,2.358292862E1
4.063551843E0,1.681567764E1,9.273897171E0,1.283309555E1,2.309676438E1
4.071582651E0,1.730291367E1,9.004903793E0,1.052935410E1,2.216633509E1
4.079577881E0,1.802570534E1,8.942723274E0,9.725902557E0,2.234930722E1
4.087590304E0,1.836960602E1,7.989042759E0,9.634061813E0,2.222796384E1
4.095586150E0,1.819001579E1,5.783207893E0,9.546785355E0,2.134158566E1
4.103582804E0,1.775030327E1,3.869750977E0,9.362483978E0,2.043781654E1
4.111640881E0,1.657905960E1,2.089729786E0,8.992234230E0,1.897610245E1
4.119672150E0,1.474558830E1,1.337294579E-1,8.661539078E0,1.710182789E1
4.127699881E0,1.418377781E1,-1.706813812E0,7.691518784E0,1.622504938E1
4.135696650E0,1.211705589E1,-3.138108730E0,6.707217216E0,1.420061734E1
4.143693420E0,1.093270111E1,-4.300526619E0,5.771743774E0,1.308936626E1
4.151709843E0,1.034937763E1,-5.343430042E0,4.348840714E0,1.243279042E1
4.159706573E0,9.957736969E0,-6.292854309E0,3.382324934E0,1.225547481E1
4.167719496E0,9.694021225E0,-6.773522377E0,3.495814800E0,1.233188445E1
4.175715458E0,9.423979759E0,-7.355988026E0,3.701534510E0,1.251492357E1
4.183712035E0,8.284299850E0,-7.748006821E0,3.973667622E0,1.201878813E1
4.191745535E0,8.119637489E0,-8.331052780E0,4.400451660E0,1.243780239E1
4.199741804E0,7.493341923E0,-9.621167183E0,4.332080364E0,1.294155908E1
4.207754689E0,7.271988869E0,-9.658003807E0,4.612387657E0,1.293958962E1
4.215793458E0,6.215783596E0,-1.027694988E1,3.277386189E0,1.244961545E1
4.223789612E0,5.823460102E0,-1.068581581E1,1.050174594E0,1.221483581E1
4.231806881E0,5.098358631E0,-1.120091438E1,-4.057999849E-1,1.231334306E1
4.239803573E0,4.064254284E0,-1.188394833E1,-9.974302053E-1,1.259925624E1
4.247832265E0,3.001644850E0,-1.245096874E1,-7.606368661E-1,1.283024017E1
4.255827650E0,2.003608704E0,-1.261006165E1,-3.830173314E-1,1.277398939E1
4.263824304E0,1.196146846E0,-1.256662083E1,-4.329574108E-1,1.263084235E1
4.271841842E0,8.020382524E-1,-1.176308060E1,-8.120166659E-1,1.181832059E1
4.279838881E0,4.429185390E-1,-1.174223328E1,-1.585532546E0,1.185707100E1
4.287853188E0,1.388610601E-1,-1.097627258E1,-1.643249273E0,1.109946442E1
4.295850034E0,1.703869104E-1,-1.061520386E1,-1.400967240E0,1.070860840E1
4.303846842E0,4.448819160E-2,-1.022002602E1,-4.606318474E-1,1.023049816E1
4.311879919E0,-1.710891724E-2,-1.004392529E1,8.389765024E-1,1.007891906E1
4.319876457E0,2.177046537E-1,-9.888946533E0,2.397999287E0,1.017787107E1
4.327890457E0,1.845527887E-1,-9.913802147E0,3.462981939E0,1.050284612E1
4.335885265E0,7.204508781E-2,-1.011581707E1,4.321890831E0,1.100062207E1
4.343879726E0,1.600768566E-1,-1.056495571E1,5.247825623E0,1.179760940E1
4.351894111E0,7.115100622E-1,-1.107545853E1,6.032133102E0,1.263165302E1
4.359888226E0,1.483620644E0,-1.176251411E1,6.602684498E0,1.357030991E1
4.367915034E0,2.407522917E0,-1.235896587E1,6.807662010E0,1.431378588E1
4.375909111E0,3.211072922E0,-1.251941299E1,6.302931786E0,1.437962587E1
4.383904342E0,3.926025391E0,-1.278708649E1,5.112906456E0,1.432009318E1
4.391920188E0,4.383882523E0,-1.326070595E1,3.722884178E0,1.445422481E1
4.399915188E0,4.842939854E0,-1.374479103E1,2.583831787E0,1.480032208E1
4.407962149E0,5.511002064E0,-1.434023094E1,1.290489435E0,1.541683269E1
4.415957688E0,5.977821350E0,-1.474738216E1,-1.459217072E-2,1.591288289E1
4.423951726E0,6.251851082E0,-1.515719509E1,-1.534296513E0,1.646755206E1
4.431980688E0,6.203924656E0,-1.531032181E1,-2.757200241E0,1.674803834E1
4.439975534E0,5.952795982E0,-1.537249374E1,-3.307978153E0,1.681344888E1
4.447990265E0,5.562235355E0,-1.548937798E1,-3.372339249E0,1.679976084E1
4.455983803E0,5.231652260E0,-1.572182655E1,-2.868659019E0,1.681592163E1
4.463977803E0,4.702580929E0,-1.603697395E1,-2.219909191E0,1.685902719E1
4.472014111E0,3.945073843E0,-1.611459160E1,-1.115042210E0,1.662789792E1
4.480007764E0,3.515583992E0,-1.603224564E1,-2.427453995E-1,1.641496745E1
4.488034111E0,3.397902250E0,-1.603834724E1,5.979216099E-1,1.640523795E1
4.496027726E0,3.462588072E0,-1.580315399E1,8.508102894E-1,1.620040340E1
4.504058995E0,3.556845903E0,-1.531472206E1,9.066531658E-1,1.574845658E1
4.512075572E0,3.687230110E0,-1.476134014E1,7.490098476E-1,1.523331364E1
4.520070687E0,3.952065229E0,-1.455822659E1,3.885667324E-1,1.509012144E1
4.528082687E0,4.190575600E0,-1.429456806E1,-2.947592735E-1,1.489907658E1
4.536077918E0,4.545637608E0,-1.380029583E1,-1.508014441E0,1.460770666E1
4.544071418E0,5.160722733E0,-1.355806923E1,-2.630675316E0,1.474363432E1
4.552110610E0,5.956490517E0,-1.369901466E1,-3.899325609E0,1.543850777E1
4.560105726E0,6.732078552E0,-1.401067162E1,-5.117254257E0,1.636478206E1
4.568119033E0,7.017995358E0,-1.312540722E1,-5.801084518E0,1.597439060E1
4.576113726E0,6.996808052E0,-1.180065155E1,-5.390172005E0,1.473990007E1
4.584107841E0,6.879554272E0,-1.110054779E1,-4.020315170E0,1.366430980E1
4.592132110E0,7.193617821E0,-1.089802456E1,-1.847735643E0,1.318822216E1
4.600162418E0,7.970415115E0,-1.107741833E1,-7.698954344E-1,1.366855709E1
4.608187149E0,8.931461334E0,-1.089234257E1,-2.856500149E-1,1.408885106E1
4.616180379E0,1.040062141E1,-1.010112572E1,5.292582512E-1,1.450812810E1
4.624174764E0,1.271269131E1,-8.904607773E0,1.781368971E0,1.562299060E1
4.632190533E0,1.472820854E1,-7.752476215E0,3.918083191E0,1.709890026E1
4.640184802E0,1.588909435E1,-6.379877090E0,7.675047874E0,1.876359536E1
4.648196841E0,1.659639740E1,-4.963044643E0,1.088718605E1,2.045979078E1
4.656190995E0,1.738192368E1,-2.980990410E0,1.397363663E1,2.250066877E1
4.664185187E0,1.723497200E1,-6.822357178E-1,1.676647758E1,2.405461444E1
4.672214687E0,1.626846504E1,1.265309334E0,1.915618324E1,2.516392893E1
4.680209571E0,1.473673630E1,3.298927307E0,2.175337410E1,2.648138219E1
4.688244994E0,1.289240456E1,5.108647346E0,2.360709763E1,2.737895965E1
4.696281648E0,1.091734314E1,6.742011070E0,2.387437820E1,2.710404083E1
4.704277071E0,8.307147026E0,8.214929581E0,2.382148743E1,2.653218843E1
4.712292802E0,6.367589474E0,9.361886978E0,2.283465767E1,2.548750114E1
4.720287225E0,4.834597588E0,1.067669487E1,2.076248550E1,2.384210459E1
4.728313956E0,3.833596230E0,1.159749222E1,1.785314941E1,2.163176437E1
4.736307917E0,2.948739529E0,1.209795380E1,1.560379601E1,1.996331637E1
4.744301840E0,1.569269538E0,1.236997795E1,1.400191498E1,1.874920223E1
4.752315802E0,6.869897842E-1,1.244585228E1,1.365632439E1,1.848962925E1
4.760308379E0,3.413856030E-1,1.195791817E1,1.389131069E1,1.833239929E1
4.768318533E0,-1.230539083E-1,1.122041035E1,1.385706902E1,1.783062288E1
4.776310609E0,-4.602589607E-1,1.038947868E1,1.370924854E1,1.720745772E1
4.784303109E0,-6.782444715E-1,9.195079803E0,1.347182846E1,1.632481762E1
4.792331725E0,-1.118121982E0,7.925638199E0,1.281203651E1,1.510676065E1
4.800325225E0,-2.091109753E0,7.141728401E0,1.161575317E1,1.379502615E1
4.808336417E0,-3.069384575E0,6.547580719E0,1.001980782E1,1.235671816E1
4.816330763E0,-3.782444477E0,6.199831963E0,8.886825562E0,1.147695391E1
4.824325302E0,-4.995206833E0,5.430399418E0,7.771449089E0,1.071619103E1
4.832340032E0,-6.161073208E0,4.668379784E0,7.099081516E0,1.049521564E1
4.840333417E0,-7.101368427E0,4.066300392E0,6.467955589E0,1.043066067E1
4.848360571E0,-7.997688293E0,3.261767864E0,5.672021866E0,1.033314955E1
4.856355109E0,-8.243171692E0,2.512041569E0,4.908619881E0,9.917397921E0
4.864349532E0,-7.701090813E0,1.900606155E0,4.357748985E0,9.050363511E0
4.872363994E0,-6.221087933E0,8.970408440E-1,3.616626263E0,7.251662076E0
4.880355840E0,-4.458160877E0,-2.715830803E-1,2.853993416E0,5.300399437E0
4.888402801E0,-2.413585424E0,-1.662060261E0,1.584448338E0,3.331413431E0
4.896397186E0,-5.641903877E0,-2.122492313E0,3.461658955E0,6.951196710E0
4.904391378E0,-4.644824505E0,-2.147195339E0,1.643637657E0,5.374605777E0
4.912424955E0,-1.178633881E1,-2.209635258E0,1.509475136E1,1.927827246E1
4.920419647E0,-7.212612152E0,-6.969780922E-1,2.989755630E0,7.838762099E0
4.928431378E0,-3.357476592E-1,-3.334505558E0,-4.243698120E0,5.407460360E0
4.936426301E0,-1.363467574E-1,-3.759892941E0,-5.931548119E0,7.024147524E0
4.944421070E0,1.253486395E0,-3.718639374E0,-6.161754608E0,7.305253369E0
4.952436763E0,2.000541925E0,-3.635516644E0,-5.719532490E0,7.066272084E0
4.960431801E0,2.092935562E0,-3.628207207E0,-4.471879005E0,6.127150124E0
4.968463839E0,2.673921824E0,-3.612462521E0,-2.928210497E0,5.364155115E0
4.976459032E0,2.653368235E0,-3.121277332E0,-7.619743347E-1,4.166934132E0
4.984488493E0,2.081196308E0,-2.355669022E0,8.485622406E-1,3.255858180E0
4.992504147E0,2.066154480E0,-2.220344543E0,1.429990768E0,3.353177273E0
5.000500532E0,3.739590406E0,-2.793890476E0,1.706596375E0,4.970194321E0
5.008517378E0,3.956544399E0,-2.895610809E0,2.597436905E0,5.548466817E0
5.016511839E0,1.234557629E0,-1.609935760E0,4.890487194E0,5.294609588E0
5.024506224E0,-1.417128563E0,-6.544842720E-1,5.878446102E0,6.082165042E0
5.032536724E0,-5.593373775E0,-2.958297729E-2,6.102634430E0,8.278215528E0
5.040533608E0,-1.137005043E1,4.538049698E-1,4.357403755E0,1.218486575E1
5.048548339E0,-1.437065315E1,1.201800346E0,1.900571823E0,1.454552059E1
5.056543839E0,-8.417244911E0,-1.145410538E-2,-1.353261948E0,8.525342280E0
5.064538262E0,-3.870824337E0,-1.179430962E0,-1.574676037E0,4.342112742E0
5.072566954E0,-5.282131433E-1,-1.756725788E0,-8.340687752E-1,2.015134075E0
5.080598262E0,2.023865223E0,-2.199715614E0,-6.985702515E-1,3.069654642E0
5.088627685E0,7.707628012E-1,-1.748442650E0,4.753837585E-1,1.969039541E0
5.096623070E0,-3.405371904E-1,-9.115276337E-1,4.246249199E-1,1.061675340E0
5.104619185E0,-2.270637274E0,2.621545792E-1,2.368941307E-1,2.297963769E0
5.112636377E0,-3.041013479E0,4.867258072E-1,5.033445358E-1,3.120580189E0
5.120633493E0,-1.340754390E0,3.160314560E-1,1.688632965E-1,1.387808714E0
5.128633031E0,1.237990856E-1,4.964261055E-1,8.259057999E-2,5.182531194E-1
5.136629416E0,5.670213699E-1,6.560578346E-1,-5.824890137E-1,1.044614076E0
5.144625685E0,7.489607334E-1,6.486001015E-1,-6.274456978E-1,1.172737130E0
5.152666493E0,3.232116699E-1,3.880887032E-1,-1.143469810E-1,5.178357434E-1
5.160660608E0,5.851304531E-2,-3.077926636E-1,6.496901512E-1,7.212887028E-1
5.168680800E0,-2.242062092E-1,-3.677062988E-1,7.532658577E-1,8.676899209E-1
5.176715954E0,-1.049836397E0,-1.003408432E-2,7.397570610E-1,1.284327705E0
5.184708300E0,-1.009094715E-2,-3.404884338E-1,4.163031578E-1,5.379056795E-1
5.192734916E0,4.956304431E-1,-1.017817020E0,3.012728691E-1,1.171480416E0
5.200729069E0,2.366182804E-1,-1.825022221E0,3.857889175E-1,1.880299818E0
5.208768262E0,-3.388377130E-1,-2.279842854E0,5.343866348E-2,2.305504310E0
5.216761762E0,-9.307546616E-1,-1.905511379E0,-3.080291748E-1,2.142932530E0
5.224756377E0,-1.431833148E0,-1.468633175E0,-4.013285637E-1,2.089998608E0
5.232793338E0,-1.633530259E0,-5.907354355E-1,-9.383544922E-1,1.974309655E0
5.240789185E0,-1.192240000E0,-1.703138351E-1,-8.370261192E-1,1.466647791E0
5.248813954E0,-3.806757331E-1,1.954631805E-1,-6.877789497E-1,8.100368834E-1
5.256808185E0,2.435647249E-1,8.391838074E-1,-1.126163960E0,1.425411695E0
5.264802031E0,9.469736814E-1,1.461592197E0,-1.017756462E0,2.017136366E0
5.272840492E0,1.451756001E0,1.997690201E0,-4.147739410E-1,2.504076486E0
5.280833261E0,1.864909172E0,2.414144516E0,-1.058305740E0,3.228930319E0
5.288854031E0,1.325641632E0,1.176713943E0,-1.041754723E0,2.056023916E0
5.296848454E0,-2.340127528E-1,-1.719779968E-1,-5.125999451E-3,2.904559790E-1
5.304842761E0,4.228150845E-1,-1.311178207E-1,8.635520935E-2,4.510229492E-1
5.312866915E0,7.440654039E-1,-2.988390923E-1,1.817393303E-1,8.221723132E-1
5.320860530E0,7.117182612E-1,-4.616971016E-1,6.979322433E-2,8.512215876E-1
5.328898107E0,1.090966225E0,-5.254826546E-1,-2.285890579E-1,1.232311763E0
5.336893761E0,1.523603678E0,-8.881635666E-1,-6.462631226E-1,1.878259490E0
5.344889646E0,1.222109318E0,-6.695981026E-1,-9.527602196E-1,1.688095033E0
5.352917146E0,8.037070632E-1,-3.372244835E-1,-1.090536594E0,1.396042786E0
5.360911146E0,6.443947554E-1,9.318828583E-3,-9.850540161E-1,1.177141816E0
5.368979107E0,6.922835112E-1,-1.573591232E-1,-8.774170876E-1,1.128662527E0
5.376973915E0,8.312114477E-1,-4.043655396E-1,-5.442895889E-1,1.072695258E0
5.384969569E0,9.736714363E-1,-4.798359871E-1,-3.597311974E-1,1.143540631E0
5.392963915E0,4.928355515E-1,-1.750469208E-1,-4.194197655E-1,6.704037925E-1
5.400958876E0,2.426101863E-1,-2.451786995E-1,-3.773956299E-1,5.112726852E-1
5.408996569E0,-6.234920025E-2,-5.940532684E-2,-2.942132950E-1,3.065581161E-1
5.416991338E0,3.954243660E-1,-3.403344154E-1,3.776597977E-2,5.230814590E-1
5.424985261E0,3.727805912E-1,-2.579846382E-1,8.797788620E-2,4.618025024E-1
5.433026145E0,6.377505064E-1,-3.750877380E-1,4.916667938E-3,7.398923525E-1
5.441021799E0,5.704454184E-1,-1.771793365E-1,-5.499553680E-2,5.998541504E-1
5.449017530E0,5.581930280E-1,-9.966230392E-2,8.577489853E-2,5.734713284E-1
5.457011184E0,4.687278271E-1,-2.152504921E-1,2.472400665E-1,5.719844410E-1
5.465040338E0,6.149275303E-1,-1.980261803E-1,3.090157509E-1,7.161291573E-1
5.473079068E0,7.686997652E-1,-3.350825310E-1,6.059613228E-1,1.034586273E0
5.481073838E0,5.906707644E-1,-4.622974396E-1,5.583906174E-1,9.350994365E-1
5.489110184E0,1.048186898E0,-3.381328583E-1,8.841133118E-2,1.104919077E0
5.497105030E0,1.031165600E0,-1.635036469E-1,-9.006977081E-2,1.047925809E0
5.505100607E0,4.905529618E-1,-1.044335365E-1,2.024068832E-1,5.408485170E-1
5.513096299E0,1.998109221E-1,-6.007862091E-2,2.059917450E-1,2.932003484E-1
5.521092568E0,2.394113839E-1,-2.274527550E-1,1.345357895E-1,3.565844151E-1
5.529130107E0,3.302236199E-1,-3.562135696E-1,1.107091904E-1,4.981889914E-1
5.537125568E0,2.119704485E-1,-4.848937988E-1,2.516260147E-1,5.859770631E-1
5.545122337E0,1.179580092E-1,-5.231981277E-1,4.095549583E-1,6.748226706E-1
5.553175299E0,-3.676992655E-2,-2.663269043E-1,5.761575699E-1,6.357983900E-1
5.561205183E0,-4.010369182E-1,-4.139137268E-2,6.508669853E-1,7.656185003E-1
5.569199529E0,-5.464113951E-1,4.591417313E-2,5.335636139E-1,7.650906182E-1
5.577193376E0,-5.585536361E-1,6.630134583E-2,2.688050270E-1,6.234053059E-1
5.585187683E0,-5.423813462E-1,1.156234741E-1,1.199464798E-1,5.673918139E-1
5.593228452E0,-4.064820409E-1,-9.710311890E-2,-1.720714569E-2,4.182735362E-1
5.601223222E0,-2.997258902E-1,-2.310619354E-1,-1.464104652E-1,4.057847355E-1
5.609260337E0,-3.122019172E-1,-2.612533569E-1,-1.422696114E-1,4.312354298E-1
5.617254183E0,-2.774962187E-1,-2.565078735E-1,-1.302027702E-1,3.996913834E-1
5.625248145E0,-2.169233561E-1,-2.580733299E-1,-1.075057983E-1,3.538574327E-1
5.633242837E0,-3.874561787E-1,-3.520421982E-1,-1.219630241E-1,5.375230032E-1
5.641239337E0,-1.306757808E0,-8.582987785E-1,3.282365799E-1,1.597508064E0
5.649276568E0,-9.036161900E-1,-5.335221291E-1,6.065082550E-2,1.051116836E0
5.657314683E0,-2.173783779E-1,-1.877975464E-1,-2.728023529E-1,3.961595655E-1
5.665310568E0,-2.971954346E-1,-1.397848129E-2,-6.117825508E-1,6.802928882E-1
5.673351952E0,-2.901622057E-1,4.331445694E-2,-6.344170570E-1,6.989672740E-1
5.681347260E0,1.209287643E-1,2.033615112E-1,-5.390591621E-1,5.886972487E-1
5.689342375E0,-1.227235794E-1,-1.235046387E-1,8.194828033E-2,1.924317889E-1
5.697335991E0,-1.198143959E-1,-2.076911926E-1,3.523988724E-1,4.262347783E-1
5.705331798E0,-3.253024817E-1,5.695438385E-2,3.105988503E-1,4.533620542E-1
5.713373221E0,-4.024275541E-1,1.648907661E-1,2.225856781E-1,4.885501870E-1
5.721368721E0,-5.318433046E-1,1.207571030E-1,1.242237091E-1,5.593488254E-1
5.729406760E0,-4.689311981E-1,3.733110428E-2,-8.654117584E-3,4.704943928E-1
5.737401067E0,-4.024635553E-1,1.020011902E-1,4.302978516E-2,4.174119291E-1
5.745396106E0,-4.216910601E-1,1.208930016E-1,2.120175362E-1,4.872267476E-1
5.753391683E0,-2.862558365E-1,8.441543579E-2,3.127832413E-1,4.323213223E-1
5.761387990E0,-6.430149078E-2,3.628015518E-2,-2.729129791E-2,7.871306320E-2
5.769425375E0,-1.033338308E-1,2.667665482E-2,-3.192620277E-1,3.366270442E-1
5.777420067E0,-1.746137142E-1,-2.415943146E-2,-5.839524269E-1,6.099787408E-1
5.785414336E0,-2.757055759E-1,-7.480621338E-3,-6.387257576E-1,6.957299172E-1
5.793454990E0,-4.451490641E-1,-7.552862167E-2,-5.518541336E-1,7.130254180E-1
5.801449067E0,-2.332975864E-1,-3.996052742E-1,-1.002125740E-1,4.734497851E-1
5.809444182E0,-2.194685936E-1,-5.189270973E-1,-1.752815247E-1,5.900639023E-1
5.817438413E0,1.039934158E-1,-1.977176666E-1,-2.996501923E-1,3.737608112E-1
5.825433144E0,-1.188321114E-1,-8.971834183E-2,-2.856092453E-1,3.220917455E-1
5.833475336E0,-1.756076813E-1,-1.007046700E-1,1.031208038E-2,2.026963919E-1
5.841470644E0,-2.435865402E-1,-1.348180771E-1,3.270268440E-1,4.294844272E-1
5.849545798E0,-1.399374008E-2,-1.433677673E-1,4.431915283E-1,4.660138112E-1
5.857542721E0,-8.577620983E-2,-3.905801773E-1,3.626432419E-1,5.398338207E-1
5.865538298E0,5.260932446E-2,-2.356972694E-1,1.130852699E-1,2.666631248E-1
5.873533221E0,-6.747245789E-5,5.339670181E-2,7.216978073E-2,8.977577384E-2
5.881529221E0,-2.936089039E-1,2.719526291E-1,1.673483849E-1,4.337855493E-1
5.889566221E0,-1.106381416E-2,1.152658463E-1,4.940557480E-2,1.258949329E-1
5.897561182E0,-2.746747732E-1,-5.162715912E-2,3.569631577E-1,4.533588981E-1
5.905559105E0,-1.584376097E-1,-2.013444901E-2,2.271246910E-1,2.776571581E-1
5.913603644E0,1.118820906E-1,-1.812973022E-1,7.246398926E-2,2.250274288E-1
5.921600028E0,1.337981224E-1,-3.168740273E-1,5.398702621E-2,3.481747919E-1
5.929596413E0,1.269162893E-1,-3.717708588E-1,-2.291727066E-2,3.935054221E-1
5.937591797E0,1.262704134E-1,-3.696422577E-1,-2.281970978E-1,4.523864846E-1
5.945624143E0,-3.286612034E-2,-3.394489288E-1,-4.273772240E-1,5.467696487E-1
5.953665990E0,-3.336964846E-1,-3.792896271E-1,-4.293956757E-1,6.630193144E-1
5.961663336E0,-4.021154642E-1,-4.170150757E-1,-3.858900070E-1,6.960671788E-1
5.969705413E0,-2.107657194E-1,-3.457899094E-1,-3.488140106E-1,5.344755036E-1
5.977700874E0,-4.916822910E-2,-2.783432007E-1,-4.495816231E-1,5.310518693E-1
5.985695105E0,-1.245820522E-1,-3.271508217E-1,-3.743629456E-1,5.125387428E-1
5.993690182E0,-2.064888477E-1,-3.313746452E-1,-1.019444466E-1,4.035337284E-1
6.001685836E0,-1.662912369E-1,-3.038377762E-1,5.487155914E-2,3.506865519E-1
6.009724797E0,2.982258797E-3,-3.248844147E-1,4.493951797E-2,3.279913673E-1
6.017718220E0,1.157904863E-1,-3.515725136E-1,1.560659409E-1,4.017054231E-1
6.025711528E0,1.199494600E-1,-3.423194885E-1,3.514399529E-1,5.050549927E-1
6.033778105E0,1.025208235E-1,-3.548808098E-1,1.737151146E-1,4.082007465E-1
6.041808105E0,1.027832031E-1,-3.491387367E-1,-1.462221146E-2,3.642472421E-1
6.049803528E0,1.903027296E-1,-5.066366196E-1,-3.720316887E-1,6.567369112E-1
6.057800258E0,-1.707522869E-1,-1.500945091E-1,-1.439113617E0,1.456960091E0
6.065794797E0,-4.853260517E-1,2.145385742E-2,-6.966161728E-1,8.492795398E-1
6.073833758E0,-5.325891972E-1,-8.268356323E-2,-1.117882729E-1,5.504402261E-1
6.081828066E0,-9.771692753E-2,-1.783375740E-1,3.927516937E-2,2.071121125E-1
6.089864527E0,1.224830151E-1,-2.002711296E-1,3.330225945E-1,4.074489695E-1
6.097859758E0,1.782016754E-1,-1.836137772E-1,6.650314331E-1,7.125564282E-1
6.105854181E0,1.282572746E-1,-1.855602264E-1,7.221584320E-1,7.565681245E-1
6.113849066E0,8.393764496E-2,-1.772131920E-1,6.690196991E-1,6.971638268E-1
6.121844027E0,1.066051722E-1,-1.701750755E-1,6.078548431E-1,6.401653922E-1
6.129867797E0,1.449646950E-1,-2.029023170E-1,6.175279617E-1,6.659766487E-1
6.137904335E0,1.681488752E-1,-2.652101517E-1,4.891047478E-1,5.812348261E-1
6.145898797E0,1.329437494E-1,-3.763957024E-1,2.298865318E-1,4.606469177E-1
6.153939373E0,-7.874727249E-3,-3.822107315E-1,1.359953880E-1,4.057607672E-1
6.161935220E0,-8.253419399E-2,-2.271313667E-1,3.997416496E-1,4.671123391E-1
6.169930796E0,-2.837121487E-2,-7.212638855E-2,6.357202530E-1,6.404274993E-1
6.177924873E0,-2.201646566E-1,-2.112340927E-2,6.131649017E-1,6.518357701E-1
