"Frequency (Hz)","Absolute Amplitude (a.u.)"
2.343750000E1,5.974878298E-1
4.687500000E1,4.947921020E-1
7.031250000E1,7.464063390E0
9.375000000E1,1.060993815E0
1.171875000E2,4.670542341E0
1.406250000E2,3.559021913E0
1.640625000E2,2.238518581E0
1.875000000E2,2.258259476E0
2.109375000E2,9.074186742E-1
2.343750000E2,1.163853686E1
2.578125000E2,3.754300312E0
2.812500000E2,1.163733392E0
3.046875000E2,8.409431613E-1
3.281250000E2,9.764626851E-1
3.515625000E2,2.139025387E0
3.750000000E2,2.759876757E0
3.984375000E2,1.692057583E0
4.218750000E2,2.826301467E-1
4.453125000E2,1.984417878E0
4.687500000E2,2.560950790E0
4.921875000E2,9.729539632E-1
5.156250000E2,1.868657680E0
5.390625000E2,2.428873647E0
5.625000000E2,2.698277918E0
5.859375000E2,1.793670926E0
6.093750000E2,2.059998963E0
6.328125000E2,1.409156004E0
6.562500000E2,1.527841499E0
6.796875000E2,2.965853218E0
7.031250000E2,9.786465833E-1
7.265625000E2,7.292380872E-1
7.500000000E2,1.907683769E0
7.734375000E2,6.121370491E-1
7.968750000E2,5.600842901E-1
8.203125000E2,1.485582738E0
8.437500000E2,2.422779089E-1
8.671875000E2,8.264850111E-1
8.906250000E2,1.512156407E0
9.140625000E2,1.719261635E0
9.375000000E2,6.998804154E-1
9.609375000E2,8.059649756E-1
9.843750000E2,7.737731692E-1
1.007812500E3,7.875822974E-1
1.031250000E3,8.316684304E-1
1.054687500E3,1.228514698E0
1.078125000E3,8.736811438E-1
1.101562500E3,1.052816195E0
1.125000000E3,1.211255930E0
1.148437500E3,1.015092360E0
1.171875000E3,6.980320904E-1
1.195312500E3,1.546142812E0
1.218750000E3,1.509110796E0
1.242187500E3,1.926888740E0
1.265625000E3,1.288104661E0
1.289062500E3,1.073160173E0
1.312500000E3,1.647430565E0
1.335937500E3,9.758319023E-1
1.359375000E3,4.800348020E-1
1.382812500E3,3.624209469E-1
1.406250000E3,6.684014893E-1
1.429687500E3,1.114079863E0
1.453125000E3,1.554437254E0
1.476562500E3,1.240790856E-1
1.500000000E3,1.785816087E0
1.523437500E3,6.428139260E-1
1.546875000E3,4.857362104E-1
1.570312500E3,7.885031936E-1
1.593750000E3,9.855927476E-1
1.617187500E3,1.397843066E0
1.640625000E3,1.722335947E0
1.664062500E3,1.834383428E0
1.687500000E3,1.658726569E0
1.710937500E3,1.061868402E0
1.734375000E3,2.133879527E0
1.757812500E3,4.433331227E-1
1.781250000E3,1.192495913E0
1.804687500E3,1.537707684E0
1.828125000E3,1.139377162E0
1.851562500E3,4.167020035E-1
1.875000000E3,9.309534793E-1
1.898437500E3,8.712373015E-1
1.921875000E3,1.331488350E0
1.945312500E3,1.888263277E0
1.968750000E3,5.164902201E-1
1.992187500E3,1.428193776E0
2.015625000E3,6.813358671E-1
2.039062500E3,1.006761833E0
2.062500000E3,3.698882262E-1
2.085937500E3,5.971242449E-1
2.109375000E3,8.560212116E-1
2.132812500E3,2.361373207E-1
2.156250000E3,6.013668286E-1
2.179687500E3,1.245153947E0
2.203125000E3,1.532772172E0
2.226562500E3,5.453625641E-1
2.250000000E3,2.512094017E-1
2.273437500E3,6.803094481E-1
2.296875000E3,6.437096493E-1
2.320312500E3,9.009274259E-1
2.343750000E3,5.361316296E-1
2.367187500E3,6.658577543E-2
2.390625000E3,9.881725679E-1
2.414062500E3,7.884279017E-1
2.437500000E3,1.351091939E0
2.460937500E3,6.403857282E-1
2.484375000E3,3.946220721E-1
2.507812500E3,1.714109904E0
2.531250000E3,3.939586860E-1
2.554687500E3,7.104761424E-1
2.578125000E3,1.657812569E0
2.601562500E3,9.976775044E-1
2.625000000E3,1.291493406E0
2.648437500E3,1.069696185E0
2.671875000E3,1.103635588E0
2.695312500E3,8.353328924E-1
2.718750000E3,9.980550711E-1
2.742187500E3,9.186574922E-1
2.765625000E3,3.748757057E-1
2.789062500E3,2.427309348E-1
2.812500000E3,1.443021971E-1
2.835937500E3,2.088662393E-1
2.859375000E3,3.976028195E-1
2.882812500E3,6.526947454E-1
2.906250000E3,9.870636811E-1
2.929687500E3,7.714057515E-1
2.953125000E3,2.307580403E-1
2.976562500E3,6.638379250E-1
3.000000000E3,3.210060669E-1
3.023437500E3,5.459007964E-1
3.046875000E3,6.057269256E-1
3.070312500E3,3.688725345E-1
3.093750000E3,2.803857351E-1
3.117187500E3,7.942882755E-1
3.140625000E3,2.688674701E-1
3.164062500E3,7.254031187E-1
3.187500000E3,6.993664297E-1
3.210937500E3,3.532358786E-1
3.234375000E3,4.585804143E-1
3.257812500E3,1.098440738E0
3.281250000E3,1.951173935E-1
3.304687500E3,1.349677339E-1
3.328125000E3,3.564055535E-1
3.351562500E3,2.842854106E-1
3.375000000E3,4.608511836E-1
3.398437500E3,4.992675997E-1
3.421875000E3,4.630614024E-1
3.445312500E3,2.171281111E-1
3.468750000E3,3.374124787E-1
3.492187500E3,6.092435020E-1
3.515625000E3,8.089196780E-2
3.539062500E3,9.801632430E-2
3.562500000E3,8.326802078E-1
3.585937500E3,2.067311460E-1
3.609375000E3,4.347095816E-1
3.632812500E3,1.799966792E-1
3.656250000E3,2.423180840E-1
3.679687500E3,2.496137801E-1
3.703125000E3,3.389868468E-2
3.726562500E3,1.083022180E-1
3.750000000E3,1.568647627E-1
3.773437500E3,1.509412341E-1
3.796875000E3,2.952525864E-1
3.820312500E3,7.828936156E-2
3.843750000E3,5.325739590E-2
3.867187500E3,2.479331016E-1
3.890625000E3,5.414730870E-1
3.914062500E3,1.510277392E-1
3.937500000E3,6.662639220E-1
3.960937500E3,4.321712125E-1
3.984375000E3,6.372636134E-1
4.007812500E3,3.295881252E-1
4.031250000E3,2.338061033E-1
4.054687500E3,7.138779330E-2
4.078125000E3,1.027389142E-1
4.101562500E3,2.451900982E-1
4.125000000E3,4.385061750E-1
4.148437500E3,6.424134077E-1
4.171875000E3,4.300249814E-1
4.195312500E3,2.437090012E-1
4.218750000E3,4.068006612E-1
4.242187500E3,3.022346426E-1
4.265625000E3,1.029749887E-1
4.289062500E3,2.695814070E-1
4.312500000E3,1.306487783E-1
4.335937500E3,2.050176436E-1
4.359375000E3,2.423947073E-1
4.382812500E3,5.500271032E-1
4.406250000E3,5.277995420E-1
4.429687500E3,2.010963716E-1
4.453125000E3,1.618500749E-1
4.476562500E3,1.428984834E-1
4.500000000E3,3.339338903E-1
4.523437500E3,4.175850397E-1
4.546875000E3,2.443221737E-1
4.570312500E3,1.059241800E-1
4.593750000E3,3.800388525E-1
4.617187500E3,3.118367094E-1
4.640625000E3,2.975144387E-1
4.664062500E3,2.093025063E-1
4.687500000E3,2.416948082E-1
4.710937500E3,2.084532786E-1
4.734375000E3,3.205726818E-1
4.757812500E3,2.277341756E-1
4.781250000E3,8.494938973E-2
4.804687500E3,3.352981582E-1
4.828125000E3,6.215874911E-1
4.851562500E3,5.406089241E-1
4.875000000E3,3.789481613E-1
4.898437500E3,2.425492361E-1
4.921875000E3,5.405556113E-1
4.945312500E3,7.332376771E-1
4.968750000E3,3.362115748E-1
4.992187500E3,4.251142373E-1
5.015625000E3,4.086718752E-1
5.039062500E3,5.613538978E-1
5.062500000E3,2.042422380E-1
5.085937500E3,6.914703077E-1
5.109375000E3,4.334150857E-1
5.132812500E3,9.076607233E-1
5.156250000E3,7.737134378E-1
5.179687500E3,4.111529463E-1
5.203125000E3,3.028079931E-1
5.226562500E3,1.881861490E-1
5.250000000E3,4.436148119E-1
5.273437500E3,1.401018505E-1
5.296875000E3,1.392135070E0
5.320312500E3,1.032860177E0
5.343750000E3,1.276051243E0
5.367187500E3,1.515875821E0
5.390625000E3,3.260241423E-1
5.414062500E3,3.721719589E-1
5.437500000E3,4.350516672E-1
5.460937500E3,2.347444225E-1
5.484375000E3,3.092559367E-1
5.507812500E3,1.089311232E-1
5.531250000E3,3.766563828E-1
5.554687500E3,2.932860726E-1
5.578125000E3,2.116884998E-1
5.601562500E3,1.649389503E-1
5.625000000E3,2.686406652E-1
5.648437500E3,2.884829419E-1
5.671875000E3,1.696883095E-1
5.695312500E3,2.255727923E-1
5.718750000E3,2.743740333E-1
5.742187500E3,3.622364962E-1
5.765625000E3,1.357719368E-1
5.789062500E3,3.185296193E-1
5.812500000E3,3.996516512E-1
5.835937500E3,9.531074152E-2
5.859375000E3,1.379891514E-1
5.882812500E3,2.923433653E-1
5.906250000E3,1.358206252E-1
5.929687500E3,4.590833440E-1
5.953125000E3,1.153210287E-1
5.976562500E3,2.485155541E-1
6.000000000E3,2.264753315E-1
6.023437500E3,3.784657490E-2
6.046875000E3,1.472271160E-1
6.070312500E3,1.315406735E-1
6.093750000E3,2.323995976E-1
6.117187500E3,2.106097113E-1
6.140625000E3,2.393214013E-1
6.164062500E3,2.153500304E-1
6.187500000E3,9.854419932E-2
6.210937500E3,1.648498558E-1
6.234375000E3,2.067849536E-1
6.257812500E3,9.209834194E-2
6.281250000E3,9.175065507E-2
6.304687500E3,2.742886331E-1
6.328125000E3,7.295269377E-2
6.351562500E3,1.138692515E-1
6.375000000E3,1.645533019E-1
6.398437500E3,5.394675743E-2
6.421875000E3,7.578967900E-2
6.445312500E3,1.556303955E-1
6.468750000E3,3.025431768E-1
6.492187500E3,7.247884830E-2
6.515625000E3,1.867258842E-1
6.539062500E3,9.141509104E-2
6.562500000E3,7.336372050E-3
6.585937500E3,1.405937789E-1
6.609375000E3,1.286667172E-1
6.632812500E3,1.336356973E-1
6.656250000E3,9.673510462E-2
6.679687500E3,8.538807822E-2
6.703125000E3,1.386858643E-1
6.726562500E3,2.879631132E-2
6.750000000E3,7.376950103E-2
6.773437500E3,9.838885993E-3
6.796875000E3,4.096913830E-2
6.820312500E3,7.000171413E-2
6.843750000E3,7.138428913E-2
6.867187500E3,8.756332516E-2
6.890625000E3,1.096066040E-1
6.914062500E3,4.163709539E-2
6.937500000E3,1.924095571E-1
6.960937500E3,2.779985574E-1
6.984375000E3,6.393042603E-2
7.007812500E3,8.678629636E-2
7.031250000E3,1.260487691E-1
7.054687500E3,1.920412744E-1
7.078125000E3,5.807839502E-2
7.101562500E3,4.967724489E-2
7.125000000E3,5.728984306E-2
7.148437500E3,7.675095732E-2
7.171875000E3,1.175610942E-1
7.195312500E3,1.290408504E-1
7.218750000E3,3.682453576E-2
7.242187500E3,3.824515197E-2
7.265625000E3,2.608521353E-2
7.289062500E3,9.296377559E-2
7.312500000E3,1.381740683E-1
7.335937500E3,2.416774524E-1
7.359375000E3,1.905289230E-1
7.382812500E3,8.659608105E-2
7.406250000E3,1.715955150E-1
7.429687500E3,3.112714501E-2
7.453125000E3,1.782973867E-1
7.476562500E3,1.896506673E-1
7.500000000E3,6.606134507E-2
7.523437500E3,7.495450763E-2
7.546875000E3,4.589670116E-2
7.570312500E3,1.079075422E-1
7.593750000E3,1.071307036E-1
7.617187500E3,1.534337360E-1
7.640625000E3,1.792674691E-1
7.664062500E3,5.741163630E-2
7.687500000E3,4.431245498E-2
7.710937500E3,1.305226134E-1
7.734375000E3,6.015418132E-2
7.757812500E3,1.174025345E-1
7.781250000E3,1.130240611E-1
7.804687500E3,2.633110118E-2
7.828125000E3,1.566069375E-1
7.851562500E3,8.569138075E-2
7.875000000E3,3.794088319E-2
7.898437500E3,2.067209890E-1
7.921875000E3,7.389883134E-2
7.945312500E3,7.405801064E-2
7.968750000E3,1.558225847E-2
7.992187500E3,1.210281623E-1
8.015625000E3,1.362121326E-1
8.039062500E3,8.518729986E-2
8.062500000E3,1.012120426E-1
8.085937500E3,1.359551335E-1
8.109375000E3,6.740808051E-2
8.132812500E3,8.611686385E-2
8.156250000E3,1.361718771E-1
8.179687500E3,3.536829638E-2
8.203125000E3,5.828019616E-2
8.226562500E3,5.499405988E-2
8.250000000E3,7.360625817E-2
8.273437500E3,8.497517351E-2
8.296875000E3,3.377369295E-2
8.320312500E3,5.209951849E-2
8.343750000E3,8.969899606E-2
8.367187500E3,2.331213443E-2
8.390625000E3,1.362506936E-1
8.414062500E3,6.946002054E-2
8.437500000E3,4.707219377E-2
8.460937500E3,6.303182836E-2
8.484375000E3,8.128126911E-2
8.507812500E3,3.190318447E-2
8.531250000E3,4.113149539E-2
8.554687500E3,3.539883017E-2
8.578125000E3,8.350893905E-2
8.601562500E3,5.346393142E-2
8.625000000E3,3.215600350E-2
8.648437500E3,4.796478122E-2
8.671875000E3,3.314463968E-2
8.695312500E3,5.835928302E-2
8.718750000E3,3.254892186E-2
8.742187500E3,4.455266442E-2
8.765625000E3,7.397526909E-2
8.789062500E3,1.451577837E-2
8.812500000E3,2.255639170E-2
8.835937500E3,2.817751463E-2
8.859375000E3,2.721458907E-2
8.882812500E3,6.193524249E-2
8.906250000E3,1.759495830E-2
8.929687500E3,4.944166959E-3
8.953125000E3,3.754100686E-2
8.976562500E3,2.227918022E-2
9.000000000E3,2.970636853E-2
9.023437500E3,9.291039607E-3
9.046875000E3,2.864790182E-2
9.070312500E3,7.126013875E-3
9.093750000E3,2.874082939E-2
9.117187500E3,2.282040560E-3
9.140625000E3,4.254235959E-3
9.164062500E3,8.521948647E-3
9.187500000E3,8.025947083E-3
9.210937500E3,4.996133884E-2
9.234375000E3,5.473703556E-3
9.257812500E3,1.961143444E-2
9.281250000E3,3.460381593E-2
9.304687500E3,1.749191325E-3
9.328125000E3,6.882866486E-3
9.351562500E3,2.160063246E-2
9.375000000E3,3.616734315E-3
9.398437500E3,2.610051483E-2
9.421875000E3,1.530546946E-2
9.445312500E3,1.912192973E-2
9.468750000E3,3.765162100E-3
9.492187500E3,1.078003365E-2
9.515625000E3,5.111111917E-2
9.539062500E3,8.307992981E-3
9.562500000E3,1.426354353E-2
9.585937500E3,1.758781768E-2
9.609375000E3,7.265711159E-3
9.632812500E3,7.014968306E-2
9.656250000E3,1.033271066E-2
9.679687500E3,1.503197729E-2
9.703125000E3,3.313474720E-2
9.726562500E3,4.202676567E-2
9.750000000E3,2.643629589E-2
9.773437500E3,2.019751490E-2
9.796875000E3,5.410691168E-2
9.820312500E3,4.425690849E-2
9.843750000E3,2.157525266E-2
9.867187500E3,3.092421938E-2
9.890625000E3,4.859264386E-2
9.914062500E3,3.712154440E-2
9.937500000E3,3.164106675E-2
9.960937500E3,6.152866955E-2
9.984375000E3,2.134295876E-2
1.000781250E4,1.379841564E-2
1.003125000E4,4.227366066E-2
1.005468750E4,1.111434735E-2
1.007812500E4,1.168151303E-2
1.010156250E4,4.093109556E-2
1.012500000E4,1.250022238E-2
1.014843750E4,3.344157106E-2
1.017187500E4,9.876960817E-3
1.019531250E4,3.465168254E-2
1.021875000E4,3.453276156E-2
1.024218750E4,1.775168692E-2
1.026562500E4,3.284812220E-2
1.028906250E4,2.866795676E-2
1.031250000E4,2.820534934E-2
1.033593750E4,1.577199690E-2
1.035937500E4,2.343623930E-2
1.038281250E4,2.062317962E-2
1.040625000E4,3.688450927E-2
1.042968750E4,1.092535219E-2
1.045312500E4,2.325879191E-2
1.047656250E4,4.379456813E-2
1.050000000E4,1.413819732E-2
1.052343750E4,5.598115466E-2
1.054687500E4,3.452170140E-2
1.057031250E4,2.348942203E-2
1.059375000E4,4.586044610E-2
1.061718750E4,4.408850859E-2
1.064062500E4,1.541776865E-2
1.066406250E4,2.961271494E-2
1.068750000E4,6.276388114E-2
1.071093750E4,1.838103094E-2
1.073437500E4,8.344745463E-2
1.075781250E4,4.011745141E-2
1.078125000E4,3.871093196E-2
1.080468750E4,8.602791385E-2
1.082812500E4,7.123033780E-2
1.085156250E4,3.943955844E-2
1.087500000E4,9.859251892E-2
1.089843750E4,4.994684355E-2
1.092187500E4,4.133314819E-2
1.094531250E4,4.921617393E-2
1.096875000E4,3.291331457E-2
1.099218750E4,2.012326970E-2
1.101562500E4,1.316107444E-2
1.103906250E4,5.727299193E-2
1.106250000E4,3.451959072E-2
1.108593750E4,3.559893261E-2
1.110937500E4,2.724766892E-2
1.113281250E4,3.478792754E-2
1.115625000E4,4.548248353E-2
1.117968750E4,3.237142176E-2
1.120312500E4,2.327861929E-2
1.122656250E4,5.723401908E-2
1.125000000E4,6.367153750E-2
1.127343750E4,3.810972803E-2
1.129687500E4,4.557783923E-3
1.132031250E4,2.531700275E-2
1.134375000E4,6.630587356E-2
1.136718750E4,4.308092101E-2
1.139062500E4,4.106475196E-2
1.141406250E4,2.231483215E-2
1.143750000E4,2.453419186E-2
1.146093750E4,1.533307070E-2
1.148437500E4,2.750805825E-2
1.150781250E4,7.243238800E-2
1.153125000E4,3.990884949E-2
1.155468750E4,2.993974145E-2
1.157812500E4,3.044774576E-2
1.160156250E4,5.198226277E-3
1.162500000E4,1.547111687E-2
1.164843750E4,1.541088714E-2
1.167187500E4,7.785532066E-3
1.169531250E4,2.463423055E-2
1.171875000E4,3.277206398E-2
1.174218750E4,4.895804920E-2
1.176562500E4,1.713227300E-2
1.178906250E4,2.511316329E-2
1.181250000E4,3.385939718E-2
1.183593750E4,2.189974709E-2
1.185937500E4,1.830763191E-2
1.188281250E4,1.651383252E-2
1.190625000E4,1.802098420E-2
1.192968750E4,2.180298817E-2
1.195312500E4,1.316067321E-2
1.197656250E4,8.544938907E-3
1.200000000E4,4.791259766E-3
1.202343750E4,1.615415204E-2
1.204687500E4,1.506011206E-2
1.207031250E4,1.664879615E-2
1.209375000E4,1.766513797E-2
1.211718750E4,1.720467444E-2
1.214062500E4,1.416739795E-2
1.216406250E4,2.127775137E-2
1.218750000E4,3.034609886E-2
1.221093750E4,1.301071242E-2
1.223437500E4,8.553514421E-3
1.225781250E4,2.166454704E-2
1.228125000E4,2.463206697E-2
1.230468750E4,1.928987346E-2
1.232812500E4,1.210793834E-2
1.235156250E4,3.240637839E-2
1.237500000E4,8.655821695E-3
1.239843750E4,3.178506470E-2
1.242187500E4,1.878814684E-2
1.244531250E4,1.899556241E-2
1.246875000E4,1.886593913E-2
1.249218750E4,7.041694252E-3
1.251562500E4,2.155590905E-2
1.253906250E4,6.616479530E-3
1.256250000E4,2.594859366E-2
1.258593750E4,2.413293698E-2
1.260937500E4,1.368009952E-3
1.263281250E4,1.081428913E-2
1.265625000E4,1.881480149E-2
1.267968750E4,2.980205566E-3
1.270312500E4,1.044814155E-2
1.272656250E4,1.344713128E-2
1.275000000E4,6.172547370E-3
1.277343750E4,3.194106481E-2
1.279687500E4,1.597878472E-2
1.282031250E4,6.817991926E-3
1.284375000E4,2.003772742E-2
1.286718750E4,1.219001808E-2
1.289062500E4,1.790501226E-2
1.291406250E4,9.203038598E-3
1.293750000E4,1.775052314E-2
1.296093750E4,1.273886434E-2
1.298437500E4,7.203001661E-3
1.300781250E4,4.122226739E-2
1.303125000E4,1.370348104E-2
1.305468750E4,4.195031612E-3
1.307812500E4,9.389531102E-3
1.310156250E4,1.178156955E-2
1.312500000E4,7.935394963E-3
1.314843750E4,1.162296295E-2
1.317187500E4,1.636706888E-2
1.319531250E4,2.094868279E-3
1.321875000E4,1.389199338E-2
1.324218750E4,8.774720865E-3
1.326562500E4,1.279491309E-2
1.328906250E4,1.052603667E-2
1.331250000E4,1.527579964E-2
1.333593750E4,9.631544804E-3
1.335937500E4,1.327448505E-2
1.338281250E4,8.499786252E-3
1.340625000E4,1.890989420E-2
1.342968750E4,1.071331117E-2
1.345312500E4,2.319824717E-2
1.347656250E4,2.331871668E-3
1.350000000E4,1.985997762E-2
1.352343750E4,6.001032565E-3
1.354687500E4,2.502835365E-3
1.357031250E4,4.970996249E-3
1.359375000E4,5.621727661E-3
1.361718750E4,1.746957136E-2
1.364062500E4,4.377168368E-3
1.366406250E4,1.547107166E-2
1.368750000E4,6.175481661E-3
1.371093750E4,7.820294238E-3
1.373437500E4,1.078989104E-2
1.375781250E4,1.166918556E-2
1.378125000E4,1.421557936E-2
1.380468750E4,2.192812767E-2
1.382812500E4,1.803319139E-2
1.385156250E4,1.249677725E-2
1.387500000E4,1.757959462E-2
1.389843750E4,6.862723785E-3
1.392187500E4,1.061998611E-2
1.394531250E4,7.389298729E-3
1.396875000E4,9.855467469E-3
1.399218750E4,7.966686908E-3
1.401562500E4,4.338111262E-3
1.403906250E4,5.092909691E-3
1.406250000E4,1.607983491E-2
1.408593750E4,1.376291424E-2
1.410937500E4,1.194833126E-2
1.413281250E4,1.059062318E-2
1.415625000E4,7.385660710E-3
1.417968750E4,5.335183854E-3
1.420312500E4,3.832378845E-3
1.422656250E4,8.829944955E-3
1.425000000E4,2.745668252E-3
1.427343750E4,7.012556822E-3
1.429687500E4,1.163547956E-2
1.432031250E4,1.167609984E-2
1.434375000E4,1.046101949E-2
1.436718750E4,6.902792259E-3
1.439062500E4,9.928716209E-3
1.441406250E4,9.416857189E-3
1.443750000E4,4.976431053E-3
1.446093750E4,1.285479015E-3
1.448437500E4,7.515600103E-4
1.450781250E4,1.232955663E-2
1.453125000E4,1.254289213E-2
1.455468750E4,6.629670362E-3
1.457812500E4,1.566485712E-2
1.460156250E4,4.332537447E-3
1.462500000E4,5.957957642E-3
1.464843750E4,7.691240009E-4
1.467187500E4,5.709133604E-3
1.469531250E4,8.324854001E-3
1.471875000E4,5.706064826E-3
1.474218750E4,5.368173150E-3
1.476562500E4,4.649022934E-3
1.478906250E4,1.652526302E-2
1.481250000E4,1.986565308E-2
1.483593750E4,7.172109323E-3
1.485937500E4,1.412777080E-2
1.488281250E4,7.781699910E-3
1.490625000E4,1.098017853E-2
1.492968750E4,7.204120750E-3
1.495312500E4,8.833273474E-3
1.497656250E4,2.969991947E-3
1.500000000E4,9.120524027E-3
1.502343750E4,6.267008765E-3
1.504687500E4,8.301158580E-3
1.507031250E4,2.344337245E-3
1.509375000E4,1.120891423E-2
1.511718750E4,5.427989044E-3
1.514062500E4,5.319773697E-3
1.516406250E4,9.389738625E-3
1.518750000E4,1.033073945E-2
1.521093750E4,8.646969969E-3
1.523437500E4,1.069247161E-2
1.525781250E4,1.524076237E-2
1.528125000E4,1.099514133E-2
1.530468750E4,6.316201024E-3
1.532812500E4,3.778295487E-3
1.535156250E4,2.442187644E-3
1.537500000E4,1.783219382E-3
1.539843750E4,1.583912913E-2
1.542187500E4,3.674840196E-3
1.544531250E4,1.389531945E-2
1.546875000E4,6.013077056E-3
1.549218750E4,4.172387437E-3
1.551562500E4,2.810915496E-3
1.553906250E4,2.935008827E-3
1.556250000E4,6.165610322E-3
1.558593750E4,1.168109184E-2
1.560937500E4,3.716059447E-3
1.563281250E4,7.815627237E-3
1.565625000E4,1.308636632E-2
1.567968750E4,2.737405305E-3
1.570312500E4,4.530166541E-3
1.572656250E4,9.077152762E-3
1.575000000E4,1.046616482E-2
1.577343750E4,5.068271090E-3
1.579687500E4,8.132009106E-3
1.582031250E4,6.514344890E-3
1.584375000E4,7.726944319E-3
1.586718750E4,4.414912382E-3
1.589062500E4,5.522509357E-3
1.591406250E4,1.075537138E-2
1.593750000E4,5.823626583E-3
1.596093750E4,5.591284056E-3
1.598437500E4,6.683595124E-3
1.600781250E4,9.557363500E-3
1.603125000E4,1.168997972E-2
1.605468750E4,3.057419850E-3
1.607812500E4,2.683733473E-3
1.610156250E4,9.232389453E-3
1.612500000E4,1.073663075E-2
1.614843750E4,1.054092318E-2
1.617187500E4,8.748354878E-3
1.619531250E4,7.566731648E-3
1.621875000E4,1.160562145E-2
1.624218750E4,8.835362799E-3
1.626562500E4,1.130094557E-2
1.628906250E4,3.139158641E-3
1.631250000E4,8.725214760E-4
1.633593750E4,8.743971414E-3
1.635937500E4,8.074092541E-3
1.638281250E4,9.525468208E-3
1.640625000E4,1.564342905E-2
1.642968750E4,1.464876778E-2
1.645312500E4,6.328895297E-3
1.647656250E4,7.384034142E-3
1.650000000E4,2.051810403E-2
1.652343750E4,9.536610271E-3
1.654687500E4,6.783525516E-3
1.657031250E4,9.510943595E-3
1.659375000E4,7.457743387E-3
1.661718750E4,4.563750667E-3
1.664062500E4,7.067518389E-3
1.666406250E4,6.448966114E-4
1.668750000E4,1.729753673E-2
1.671093750E4,1.347089395E-2
1.673437500E4,1.144383507E-2
1.675781250E4,1.229011990E-2
1.678125000E4,1.240719323E-2
1.680468750E4,8.484535902E-3
1.682812500E4,9.566615643E-3
1.685156250E4,2.347718713E-3
1.687500000E4,6.007252396E-3
1.689843750E4,7.752787284E-3
1.692187500E4,4.265583030E-3
1.694531250E4,1.342862473E-2
1.696875000E4,2.810862974E-3
1.699218750E4,7.705673412E-3
1.701562500E4,4.213783820E-3
1.703906250E4,2.191255615E-2
1.706250000E4,2.803974322E-3
1.708593750E4,2.076264552E-2
1.710937500E4,1.043398230E-2
1.713281250E4,1.867283130E-2
1.715625000E4,1.049103015E-2
1.717968750E4,7.160751323E-3
1.720312500E4,7.828540869E-3
1.722656250E4,5.253124390E-3
1.725000000E4,9.213087172E-3
1.727343750E4,3.348846370E-3
1.729687500E4,8.018441155E-3
1.732031250E4,1.242962327E-2
1.734375000E4,1.115874662E-3
1.736718750E4,6.457268090E-3
1.739062500E4,6.275623579E-3
1.741406250E4,4.937809669E-3
1.743750000E4,4.889858475E-3
1.746093750E4,3.220008515E-3
1.748437500E4,7.588383738E-3
1.750781250E4,2.239747215E-2
1.753125000E4,8.892356492E-3
1.755468750E4,4.961089646E-3
1.757812500E4,1.212130610E-2
1.760156250E4,7.394699281E-3
1.762500000E4,8.202232955E-3
1.764843750E4,5.132115003E-3
1.767187500E4,1.007675911E-2
1.769531250E4,4.376242720E-3
1.771875000E4,1.974042601E-2
1.774218750E4,8.349334364E-3
1.776562500E4,5.213647690E-3
1.778906250E4,1.304567867E-2
1.781250000E4,1.060073130E-2
1.783593750E4,8.272066350E-3
1.785937500E4,4.534431457E-3
1.788281250E4,1.590643077E-3
1.790625000E4,1.080708985E-2
1.792968750E4,6.901499751E-3
1.795312500E4,9.623307716E-3
1.797656250E4,2.902070734E-3
1.800000000E4,3.712891490E-3
1.802343750E4,2.219430888E-3
1.804687500E4,6.021880736E-3
1.807031250E4,5.033428057E-3
1.809375000E4,3.915920727E-3
1.811718750E4,6.906295722E-3
1.814062500E4,7.486049836E-3
1.816406250E4,1.274242125E-2
1.818750000E4,4.987811589E-3
1.821093750E4,1.130954495E-2
1.823437500E4,6.897296862E-3
1.825781250E4,7.313185652E-3
1.828125000E4,2.179079922E-3
1.830468750E4,3.882704973E-3
1.832812500E4,1.242335318E-2
1.835156250E4,5.224610232E-3
1.837500000E4,1.823389550E-2
1.839843750E4,1.200127513E-2
1.842187500E4,2.221799106E-2
1.844531250E4,1.345315460E-2
1.846875000E4,1.080441925E-2
1.849218750E4,7.198889887E-3
1.851562500E4,3.664418736E-3
1.853906250E4,7.415639102E-3
1.856250000E4,1.983075306E-2
1.858593750E4,5.957786081E-3
1.860937500E4,1.108787083E-2
1.863281250E4,5.110271339E-3
1.865625000E4,1.108990398E-3
1.867968750E4,1.569179066E-2
1.870312500E4,1.194412515E-2
1.872656250E4,1.491358821E-2
1.875000000E4,1.679106356E-2
1.877343750E4,1.283534507E-2
1.879687500E4,6.256695965E-3
1.882031250E4,1.027566627E-2
1.884375000E4,1.282798631E-2
1.886718750E4,1.679515497E-2
1.889062500E4,1.218090712E-2
1.891406250E4,9.172105660E-3
1.893750000E4,1.590607621E-2
1.896093750E4,1.171807733E-2
1.898437500E4,1.128107726E-2
1.900781250E4,8.775433481E-3
1.903125000E4,9.167762779E-3
1.905468750E4,1.272867209E-2
1.907812500E4,5.057942648E-3
1.910156250E4,1.294475741E-2
1.912500000E4,4.632172307E-3
1.914843750E4,1.803651220E-2
1.917187500E4,9.005086418E-3
1.919531250E4,1.645599138E-2
1.921875000E4,9.028175270E-3
1.924218750E4,7.354611820E-3
1.926562500E4,2.610161724E-3
1.928906250E4,1.442574541E-2
1.931250000E4,4.958453727E-3
1.933593750E4,4.048455964E-3
1.935937500E4,7.913509614E-3
1.938281250E4,1.134121771E-2
1.940625000E4,6.679770566E-3
1.942968750E4,7.221731396E-3
1.945312500E4,9.224204633E-3
1.947656250E4,8.080925626E-3
1.950000000E4,6.152727844E-3
1.952343750E4,1.350126400E-2
1.954687500E4,5.370700125E-3
1.957031250E4,9.347104063E-3
1.959375000E4,3.008046935E-3
1.961718750E4,2.402935495E-2
1.964062500E4,2.276061396E-2
1.966406250E4,1.499286004E-2
1.968750000E4,7.710307069E-3
1.971093750E4,1.399912048E-2
1.973437500E4,1.556015628E-2
1.975781250E4,1.250152866E-2
1.978125000E4,9.308192301E-3
1.980468750E4,5.916341838E-3
1.982812500E4,2.099895543E-2
1.985156250E4,2.192328321E-2
1.987500000E4,1.029980209E-2
1.989843750E4,5.304894349E-3
1.992187500E4,3.808866235E-3
1.994531250E4,3.287375643E-3
1.996875000E4,1.130481149E-2
1.999218750E4,1.049607905E-2
2.001562500E4,1.352716687E-2
2.003906250E4,1.508553479E-2
2.006250000E4,4.367408138E-3
2.008593750E4,1.214318538E-2
2.010937500E4,1.166845530E-2
2.013281250E4,9.662070976E-3
2.015625000E4,5.696998011E-3
2.017968750E4,2.086675627E-2
2.020312500E4,1.082239406E-2
2.022656250E4,1.116268737E-2
2.025000000E4,1.957737035E-2
2.027343750E4,1.276659911E-2
2.029687500E4,6.344849271E-3
2.032031250E4,1.114088797E-2
2.034375000E4,5.293984935E-3
2.036718750E4,7.104418270E-3
2.039062500E4,6.692033769E-3
2.041406250E4,7.342213762E-4
2.043750000E4,1.858337379E-2
2.046093750E4,1.992062490E-2
2.048437500E4,1.052032971E-2
2.050781250E4,1.992463378E-2
2.053125000E4,7.036295568E-3
2.055468750E4,2.084556641E-2
2.057812500E4,9.710187990E-3
2.060156250E4,7.395339566E-3
2.062500000E4,4.584801741E-3
2.064843750E4,1.774211171E-2
2.067187500E4,6.695024714E-4
2.069531250E4,1.395096380E-2
2.071875000E4,6.346772101E-3
2.074218750E4,3.847622798E-3
2.076562500E4,1.598800481E-2
2.078906250E4,1.034413985E-2
2.081250000E4,5.880423320E-3
2.083593750E4,5.534892225E-3
2.085937500E4,7.244439302E-3
2.088281250E4,1.017504437E-2
2.090625000E4,4.443537478E-3
2.092968750E4,1.338678946E-2
2.095312500E4,1.684853578E-2
2.097656250E4,9.238844501E-3
2.100000000E4,6.551240893E-3
2.102343750E4,4.630386740E-3
2.104687500E4,8.549997948E-3
2.107031250E4,1.574406571E-2
2.109375000E4,7.262880065E-3
2.111718750E4,1.112659899E-2
2.114062500E4,5.188683562E-3
2.116406250E4,8.422919821E-3
2.118750000E4,1.093589182E-2
2.121093750E4,5.735162609E-3
2.123437500E4,1.262859424E-2
2.125781250E4,7.150792476E-3
2.128125000E4,1.143394084E-2
2.130468750E4,6.862564369E-3
2.132812500E4,9.314932200E-3
2.135156250E4,7.069298732E-3
2.137500000E4,3.323488602E-3
2.139843750E4,1.267138071E-2
2.142187500E4,8.820936586E-3
2.144531250E4,8.479672206E-3
2.146875000E4,6.037935776E-3
2.149218750E4,1.363753970E-2
2.151562500E4,7.392627824E-3
2.153906250E4,1.714195454E-2
2.156250000E4,8.365755089E-3
2.158593750E4,8.060983718E-3
2.160937500E4,7.131233885E-3
2.163281250E4,7.343010446E-3
2.165625000E4,5.296015325E-3
2.167968750E4,3.479932102E-3
2.170312500E4,1.018241534E-2
2.172656250E4,1.158051552E-2
2.175000000E4,1.976866319E-3
2.177343750E4,9.569018579E-3
2.179687500E4,8.817883133E-3
2.182031250E4,3.630439555E-3
2.184375000E4,1.096678067E-2
2.186718750E4,1.141696299E-2
2.189062500E4,5.623625245E-3
2.191406250E4,1.331468568E-2
2.193750000E4,1.058859848E-2
2.196093750E4,6.460775828E-3
2.198437500E4,9.964555094E-3
2.200781250E4,5.783177416E-3
2.203125000E4,7.113966727E-3
2.205468750E4,5.039805827E-3
2.207812500E4,1.388256331E-2
2.210156250E4,1.461278567E-2
2.212500000E4,6.774143850E-3
2.214843750E4,3.281769525E-3
2.217187500E4,1.321602740E-2
2.219531250E4,6.814626873E-3
2.221875000E4,1.091686227E-2
2.224218750E4,1.310786555E-2
2.226562500E4,1.149373834E-2
2.228906250E4,3.410134279E-3
2.231250000E4,8.780369215E-3
2.233593750E4,1.133503041E-2
2.235937500E4,2.058976593E-3
2.238281250E4,4.743803967E-3
2.240625000E4,5.656843408E-3
2.242968750E4,1.159488226E-2
2.245312500E4,1.131700841E-3
2.247656250E4,1.074040656E-2
2.250000000E4,3.118739188E-3
2.252343750E4,6.345717104E-3
2.254687500E4,2.557022402E-3
2.257031250E4,1.183370308E-2
2.259375000E4,1.316004529E-2
2.261718750E4,1.453111165E-2
2.264062500E4,8.366787942E-3
2.266406250E4,1.053775539E-2
2.268750000E4,7.512028983E-3
2.271093750E4,1.086891199E-2
2.273437500E4,1.137121847E-2
2.275781250E4,7.341610971E-3
2.278125000E4,8.613211769E-3
2.280468750E4,4.145106520E-3
2.282812500E4,3.268655627E-3
2.285156250E4,3.239070704E-3
2.287500000E4,7.037224634E-3
2.289843750E4,4.087792753E-3
2.292187500E4,1.534016770E-2
2.294531250E4,1.021985921E-2
2.296875000E4,8.148320288E-3
2.299218750E4,6.541564563E-3
2.301562500E4,8.957879241E-3
2.303906250E4,4.661942289E-3
2.306250000E4,1.883108052E-2
2.308593750E4,9.071495993E-3
2.310937500E4,9.377142347E-3
2.313281250E4,1.619087906E-2
2.315625000E4,8.022517948E-3
2.317968750E4,5.751959701E-3
2.320312500E4,9.121049455E-3
2.322656250E4,7.758471850E-3
2.325000000E4,8.599143714E-3
2.327343750E4,6.787154083E-3
2.329687500E4,6.140821932E-3
2.332031250E4,1.060968062E-2
2.334375000E4,1.388315031E-2
2.336718750E4,7.757966593E-4
2.339062500E4,8.238047952E-3
2.341406250E4,7.044772732E-3
2.343750000E4,5.608503930E-3
2.346093750E4,4.405965049E-3
2.348437500E4,6.665534140E-3
2.350781250E4,4.851117002E-3
2.353125000E4,1.135242688E-2
2.355468750E4,1.161002461E-2
2.357812500E4,3.157189118E-3
2.360156250E4,6.817262319E-3
2.362500000E4,3.806845786E-3
2.364843750E4,5.685898536E-3
2.367187500E4,9.776522616E-3
2.369531250E4,4.840328848E-3
2.371875000E4,4.252609110E-3
2.374218750E4,4.335009325E-3
2.376562500E4,6.582517428E-3
2.378906250E4,5.665553092E-3
2.381250000E4,4.480911633E-3
2.383593750E4,2.368732814E-3
2.385937500E4,1.754819989E-3
2.388281250E4,1.566868917E-3
2.390625000E4,5.356552673E-3
2.392968750E4,2.038289203E-3
2.395312500E4,6.279956813E-3
2.397656250E4,1.890859137E-2
